GEO_ID,,NAME,S1903_C03_011E,S1903_C03_012E,S1903_C03_013E,S1903_C03_014E,S1903_C03_011M,S1903_C03_012M,S1903_C03_013M,S1903_C03_014M,,,S1903_C03_015E,S1903_C03_015M,S1903_C01_024M,S1903_C02_024E,S1903_C02_024M,S1903_C03_024E,S1903_C03_024M,S1903_C01_025E,S1903_C01_025M,S1903_C02_025E,S1903_C02_025M,S1903_C03_025E,S1903_C03_025M,S1903_C01_026E,S1903_C01_026M,S1903_C02_026E,S1903_C02_026M,S1903_C03_026E,S1903_C03_026M,S1903_C01_027E,S1903_C01_027M,S1903_C02_027E,S1903_C02_027M,S1903_C03_027E,S1903_C03_027M,S1903_C01_028E,S1903_C01_028M,S1903_C02_028E,S1903_C02_028M,S1903_C03_028E,S1903_C03_028M,S1903_C01_029E,S1903_C01_029M,S1903_C02_029E,S1903_C02_029M,S1903_C03_029E,S1903_C03_029M,S1903_C01_030E,S1903_C01_030M,S1903_C02_030E,S1903_C02_030M,S1903_C03_030E,S1903_C03_030M,S1903_C01_031E,S1903_C01_031M,S1903_C02_031E,S1903_C02_031M,S1903_C03_031E,S1903_C03_031M,S1903_C01_032E,S1903_C01_032M,S1903_C02_032E,S1903_C02_032M,S1903_C03_032E,S1903_C03_032M,S1903_C01_033E,S1903_C01_033M,S1903_C02_033E,S1903_C02_033M,S1903_C03_033E,S1903_C03_033M,S1903_C01_034E,S1903_C01_034M,S1903_C02_034E,S1903_C02_034M,S1903_C03_034E,S1903_C03_034M,S1903_C01_035E,S1903_C01_035M,S1903_C02_035E,S1903_C02_035M,S1903_C03_035E,S1903_C03_035M,S1903_C01_036E,S1903_C01_036M,S1903_C02_036E,S1903_C02_036M,S1903_C03_036E,S1903_C03_036M,S1903_C01_037E,S1903_C01_037M,S1903_C02_037E,S1903_C02_037M,S1903_C03_037E,S1903_C03_037M,S1903_C01_038E,S1903_C01_038M,S1903_C02_038E,S1903_C02_038M,S1903_C03_038E,S1903_C03_038M,S1903_C01_039E,S1903_C01_039M,S1903_C02_039E,S1903_C02_039M,S1903_C03_039E,S1903_C03_039M,S1903_C01_040E,S1903_C01_040M,S1903_C02_040E,S1903_C02_040M,S1903_C03_040E,S1903_C03_040M,S1903_C01_001E,S1903_C01_001M,S1903_C02_001E,S1903_C02_001M,S1903_C03_001E,S1903_C03_001M,S1903_C01_002E,S1903_C01_002M,S1903_C02_002E,S1903_C02_002M,S1903_C03_002E,S1903_C03_002M,S1903_C01_003E,S1903_C01_003M,S1903_C02_003E,S1903_C02_003M,S1903_C03_003E,S1903_C03_003M,S1903_C01_004E,S1903_C01_004M,S1903_C02_004E,S1903_C02_004M,S1903_C03_004E,S1903_C03_004M,S1903_C01_005E,S1903_C01_005M,S1903_C02_005E,S1903_C02_005M,S1903_C03_005E,S1903_C03_005M,S1903_C01_006E,S1903_C01_006M,S1903_C02_006E,S1903_C02_006M,S1903_C03_006E,S1903_C03_006M,S1903_C01_007E,S1903_C01_007M,S1903_C02_007E,S1903_C02_007M,S1903_C03_007E,S1903_C03_007M,S1903_C01_008E,S1903_C01_008M,S1903_C02_008E,S1903_C02_008M,S1903_C03_008E,S1903_C03_008M,S1903_C01_009E,S1903_C01_009M,S1903_C02_009E,S1903_C02_009M,S1903_C03_009E,S1903_C03_009M,S1903_C01_010E,S1903_C01_010M,S1903_C02_010E,S1903_C02_010M,S1903_C03_010E,S1903_C03_010M,S1903_C01_011E,S1903_C01_011M,S1903_C02_011E,S1903_C02_011M,S1903_C03_011E,S1903_C03_011M,S1903_C01_012E,S1903_C01_012M,S1903_C02_012E,S1903_C02_012M,S1903_C03_012E,S1903_C03_012M,S1903_C01_013E,S1903_C01_013M,S1903_C02_013E,S1903_C02_013M,S1903_C03_013E,S1903_C03_013M,S1903_C01_014E,S1903_C01_014M,S1903_C02_014E,S1903_C02_014M,S1903_C03_014E,S1903_C03_014M,S1903_C01_015E,S1903_C01_015M,S1903_C02_015E,S1903_C02_015M,S1903_C03_015E,S1903_C03_015M,S1903_C01_016E,S1903_C01_016M,S1903_C02_016E,S1903_C02_016M,S1903_C03_016E,S1903_C03_016M,S1903_C01_017E,S1903_C01_017M,S1903_C02_017M,S1903_C03_017E,S1903_C03_017M,S1903_C01_018E,S1903_C01_018M,S1903_C02_018E,S1903_C02_018M,S1903_C03_018E,S1903_C03_018M,S1903_C01_019E,S1903_C01_019M,S1903_C02_019E,S1903_C02_019M,S1903_C03_019E,S1903_C03_019M,S1903_C01_020E,S1903_C01_020M,S1903_C02_020E,S1903_C02_020M,S1903_C03_020E,S1903_C03_020M,S1903_C01_021E,S1903_C01_021M,S1903_C02_021E,S1903_C02_021M,S1903_C03_021E,S1903_C03_021M,S1903_C01_022E,S1903_C01_022M,S1903_C02_022E,S1903_C02_022M,S1903_C03_022E,S1903_C03_022M,S1903_C01_023E,S1903_C01_023M,S1903_C02_023E,S1903_C02_023M,S1903_C03_023E,S1903_C03_023M,S1903_C01_024E,S1903_C02_017E
id,id_Fix,Geographic Area Name,15_to_24,25_to_44,45_to_64,65_and_over,MOE_15_to_25,MOE_25_to_45,MOE_45_to_65,MOE_65_and_over,average_MOE,average_Income,Families,Families_MOE,Margin of Error!!Number MOE!!FAMILY INCOME BY FAMILY SIZE!!2-person families,Estimate!!Percent Distribution!!FAMILY INCOME BY FAMILY SIZE!!2-person families,Margin of Error!!Percent Distribution MOE!!FAMILY INCOME BY FAMILY SIZE!!2-person families,Estimate!!Median income (dollars)!!FAMILY INCOME BY FAMILY SIZE!!2-person families,Margin of Error!!Median income (dollars) MOE!!FAMILY INCOME BY FAMILY SIZE!!2-person families,Estimate!!Number!!FAMILY INCOME BY FAMILY SIZE!!3-person families,Margin of Error!!Number MOE!!FAMILY INCOME BY FAMILY SIZE!!3-person families,Estimate!!Percent Distribution!!FAMILY INCOME BY FAMILY SIZE!!3-person families,Margin of Error!!Percent Distribution MOE!!FAMILY INCOME BY FAMILY SIZE!!3-person families,Estimate!!Median income (dollars)!!FAMILY INCOME BY FAMILY SIZE!!3-person families,Margin of Error!!Median income (dollars) MOE!!FAMILY INCOME BY FAMILY SIZE!!3-person families,Estimate!!Number!!FAMILY INCOME BY FAMILY SIZE!!4-person families,Margin of Error!!Number MOE!!FAMILY INCOME BY FAMILY SIZE!!4-person families,Estimate!!Percent Distribution!!FAMILY INCOME BY FAMILY SIZE!!4-person families,Margin of Error!!Percent Distribution MOE!!FAMILY INCOME BY FAMILY SIZE!!4-person families,Estimate!!Median income (dollars)!!FAMILY INCOME BY FAMILY SIZE!!4-person families,Margin of Error!!Median income (dollars) MOE!!FAMILY INCOME BY FAMILY SIZE!!4-person families,Estimate!!Number!!FAMILY INCOME BY FAMILY SIZE!!5-person families,Margin of Error!!Number MOE!!FAMILY INCOME BY FAMILY SIZE!!5-person families,Estimate!!Percent Distribution!!FAMILY INCOME BY FAMILY SIZE!!5-person families,Margin of Error!!Percent Distribution MOE!!FAMILY INCOME BY FAMILY SIZE!!5-person families,Estimate!!Median income (dollars)!!FAMILY INCOME BY FAMILY SIZE!!5-person families,Margin of Error!!Median income (dollars) MOE!!FAMILY INCOME BY FAMILY SIZE!!5-person families,Estimate!!Number!!FAMILY INCOME BY FAMILY SIZE!!6-person families,Margin of Error!!Number MOE!!FAMILY INCOME BY FAMILY SIZE!!6-person families,Estimate!!Percent Distribution!!FAMILY INCOME BY FAMILY SIZE!!6-person families,Margin of Error!!Percent Distribution MOE!!FAMILY INCOME BY FAMILY SIZE!!6-person families,Estimate!!Median income (dollars)!!FAMILY INCOME BY FAMILY SIZE!!6-person families,Margin of Error!!Median income (dollars) MOE!!FAMILY INCOME BY FAMILY SIZE!!6-person families,Estimate!!Number!!FAMILY INCOME BY FAMILY SIZE!!7-or-more person families,Margin of Error!!Number MOE!!FAMILY INCOME BY FAMILY SIZE!!7-or-more person families,Estimate!!Percent Distribution!!FAMILY INCOME BY FAMILY SIZE!!7-or-more person families,Margin of Error!!Percent Distribution MOE!!FAMILY INCOME BY FAMILY SIZE!!7-or-more person families,Estimate!!Median income (dollars)!!FAMILY INCOME BY FAMILY SIZE!!7-or-more person families,Margin of Error!!Median income (dollars) MOE!!FAMILY INCOME BY FAMILY SIZE!!7-or-more person families,Estimate!!Number!!FAMILY INCOME BY NUMBER OF EARNERS!!No earners,Margin of Error!!Number MOE!!FAMILY INCOME BY NUMBER OF EARNERS!!No earners,Estimate!!Percent Distribution!!FAMILY INCOME BY NUMBER OF EARNERS!!No earners,Margin of Error!!Percent Distribution MOE!!FAMILY INCOME BY NUMBER OF EARNERS!!No earners,Estimate!!Median income (dollars)!!FAMILY INCOME BY NUMBER OF EARNERS!!No earners,Margin of Error!!Median income (dollars) MOE!!FAMILY INCOME BY NUMBER OF EARNERS!!No earners,Estimate!!Number!!FAMILY INCOME BY NUMBER OF EARNERS!!1 earner,Margin of Error!!Number MOE!!FAMILY INCOME BY NUMBER OF EARNERS!!1 earner,Estimate!!Percent Distribution!!FAMILY INCOME BY NUMBER OF EARNERS!!1 earner,Margin of Error!!Percent Distribution MOE!!FAMILY INCOME BY NUMBER OF EARNERS!!1 earner,Estimate!!Median income (dollars)!!FAMILY INCOME BY NUMBER OF EARNERS!!1 earner,Margin of Error!!Median income (dollars) MOE!!FAMILY INCOME BY NUMBER OF EARNERS!!1 earner,Estimate!!Number!!FAMILY INCOME BY NUMBER OF EARNERS!!2 earners,Margin of Error!!Number MOE!!FAMILY INCOME BY NUMBER OF EARNERS!!2 earners,Estimate!!Percent Distribution!!FAMILY INCOME BY NUMBER OF EARNERS!!2 earners,Margin of Error!!Percent Distribution MOE!!FAMILY INCOME BY NUMBER OF EARNERS!!2 earners,Estimate!!Median income (dollars)!!FAMILY INCOME BY NUMBER OF EARNERS!!2 earners,Margin of Error!!Median income (dollars) MOE!!FAMILY INCOME BY NUMBER OF EARNERS!!2 earners,Estimate!!Number!!FAMILY INCOME BY NUMBER OF EARNERS!!3 or more earners,Margin of Error!!Number MOE!!FAMILY INCOME BY NUMBER OF EARNERS!!3 or more earners,Estimate!!Percent Distribution!!FAMILY INCOME BY NUMBER OF EARNERS!!3 or more earners,Margin of Error!!Percent Distribution MOE!!FAMILY INCOME BY NUMBER OF EARNERS!!3 or more earners,Estimate!!Median income (dollars)!!FAMILY INCOME BY NUMBER OF EARNERS!!3 or more earners,Margin of Error!!Median income (dollars) MOE!!FAMILY INCOME BY NUMBER OF EARNERS!!3 or more earners,Estimate!!Number!!NONFAMILY HOUSEHOLDS!!Nonfamily households,Margin of Error!!Number MOE!!NONFAMILY HOUSEHOLDS!!Nonfamily households,Estimate!!Percent Distribution!!NONFAMILY HOUSEHOLDS!!Nonfamily households,Margin of Error!!Percent Distribution MOE!!NONFAMILY HOUSEHOLDS!!Nonfamily households,Estimate!!Median income (dollars)!!NONFAMILY HOUSEHOLDS!!Nonfamily households,Margin of Error!!Median income (dollars) MOE!!NONFAMILY HOUSEHOLDS!!Nonfamily households,Estimate!!Number!!NONFAMILY HOUSEHOLDS!!Nonfamily households!!Female householder,Margin of Error!!Number MOE!!NONFAMILY HOUSEHOLDS!!Nonfamily households!!Female householder,Estimate!!Percent Distribution!!NONFAMILY HOUSEHOLDS!!Nonfamily households!!Female householder,Margin of Error!!Percent Distribution MOE!!NONFAMILY HOUSEHOLDS!!Nonfamily households!!Female householder,Estimate!!Median income (dollars)!!NONFAMILY HOUSEHOLDS!!Nonfamily households!!Female householder,Margin of Error!!Median income (dollars) MOE!!NONFAMILY HOUSEHOLDS!!Nonfamily households!!Female householder,Estimate!!Number!!NONFAMILY HOUSEHOLDS!!Nonfamily households!!Female householder!!Living alone,Margin of Error!!Number MOE!!NONFAMILY HOUSEHOLDS!!Nonfamily households!!Female householder!!Living alone,Estimate!!Percent Distribution!!NONFAMILY HOUSEHOLDS!!Nonfamily households!!Female householder!!Living alone,Margin of Error!!Percent Distribution MOE!!NONFAMILY HOUSEHOLDS!!Nonfamily households!!Female householder!!Living alone,Estimate!!Median income (dollars)!!NONFAMILY HOUSEHOLDS!!Nonfamily households!!Female householder!!Living alone,Margin of Error!!Median income (dollars) MOE!!NONFAMILY HOUSEHOLDS!!Nonfamily households!!Female householder!!Living alone,Estimate!!Number!!NONFAMILY HOUSEHOLDS!!Nonfamily households!!Female householder!!Not living alone,Margin of Error!!Number MOE!!NONFAMILY HOUSEHOLDS!!Nonfamily households!!Female householder!!Not living alone,Estimate!!Percent Distribution!!NONFAMILY HOUSEHOLDS!!Nonfamily households!!Female householder!!Not living alone,Margin of Error!!Percent Distribution MOE!!NONFAMILY HOUSEHOLDS!!Nonfamily households!!Female householder!!Not living alone,Estimate!!Median income (dollars)!!NONFAMILY HOUSEHOLDS!!Nonfamily households!!Female householder!!Not living alone,Margin of Error!!Median income (dollars) MOE!!NONFAMILY HOUSEHOLDS!!Nonfamily households!!Female householder!!Not living alone,Estimate!!Number!!NONFAMILY HOUSEHOLDS!!Nonfamily households!!Male householder,Margin of Error!!Number MOE!!NONFAMILY HOUSEHOLDS!!Nonfamily households!!Male householder,Estimate!!Percent Distribution!!NONFAMILY HOUSEHOLDS!!Nonfamily households!!Male householder,Margin of Error!!Percent Distribution MOE!!NONFAMILY HOUSEHOLDS!!Nonfamily households!!Male householder,Estimate!!Median income (dollars)!!NONFAMILY HOUSEHOLDS!!Nonfamily households!!Male householder,Margin of Error!!Median income (dollars) MOE!!NONFAMILY HOUSEHOLDS!!Nonfamily households!!Male householder,Estimate!!Number!!NONFAMILY HOUSEHOLDS!!Nonfamily households!!Male householder!!Living alone,Margin of Error!!Number MOE!!NONFAMILY HOUSEHOLDS!!Nonfamily households!!Male householder!!Living alone,Estimate!!Percent Distribution!!NONFAMILY HOUSEHOLDS!!Nonfamily households!!Male householder!!Living alone,Margin of Error!!Percent Distribution MOE!!NONFAMILY HOUSEHOLDS!!Nonfamily households!!Male householder!!Living alone,Estimate!!Median income (dollars)!!NONFAMILY HOUSEHOLDS!!Nonfamily households!!Male householder!!Living alone,Margin of Error!!Median income (dollars) MOE!!NONFAMILY HOUSEHOLDS!!Nonfamily households!!Male householder!!Living alone,Estimate!!Number!!NONFAMILY HOUSEHOLDS!!Nonfamily households!!Male householder!!Not living alone,Margin of Error!!Number MOE!!NONFAMILY HOUSEHOLDS!!Nonfamily households!!Male householder!!Not living alone,Estimate!!Percent Distribution!!NONFAMILY HOUSEHOLDS!!Nonfamily households!!Male householder!!Not living alone,Margin of Error!!Percent Distribution MOE!!NONFAMILY HOUSEHOLDS!!Nonfamily households!!Male householder!!Not living alone,Estimate!!Median income (dollars)!!NONFAMILY HOUSEHOLDS!!Nonfamily households!!Male householder!!Not living alone,Margin of Error!!Median income (dollars) MOE!!NONFAMILY HOUSEHOLDS!!Nonfamily households!!Male householder!!Not living alone,Estimate!!Number!!HOUSEHOLD INCOME BY RACE AND HISPANIC OR LATINO ORIGIN OF HOUSEHOLDER!!Households,Margin of Error!!Number MOE!!HOUSEHOLD INCOME BY RACE AND HISPANIC OR LATINO ORIGIN OF HOUSEHOLDER!!Households,Estimate!!Percent Distribution!!HOUSEHOLD INCOME BY RACE AND HISPANIC OR LATINO ORIGIN OF HOUSEHOLDER!!Households,Margin of Error!!Percent Distribution MOE!!HOUSEHOLD INCOME BY RACE AND HISPANIC OR LATINO ORIGIN OF HOUSEHOLDER!!Households,Estimate!!Median income (dollars)!!HOUSEHOLD INCOME BY RACE AND HISPANIC OR LATINO ORIGIN OF HOUSEHOLDER!!Households,Margin of Error!!Median income (dollars) MOE!!HOUSEHOLD INCOME BY RACE AND HISPANIC OR LATINO ORIGIN OF HOUSEHOLDER!!Households,Estimate!!Number!!HOUSEHOLD INCOME BY RACE AND HISPANIC OR LATINO ORIGIN OF HOUSEHOLDER!!Households!!One race--!!White,Margin of Error!!Number MOE!!HOUSEHOLD INCOME BY RACE AND HISPANIC OR LATINO ORIGIN OF HOUSEHOLDER!!Households!!One race--!!White,Estimate!!Percent Distribution!!HOUSEHOLD INCOME BY RACE AND HISPANIC OR LATINO ORIGIN OF HOUSEHOLDER!!Households!!One race--!!White,Margin of Error!!Percent Distribution MOE!!HOUSEHOLD INCOME BY RACE AND HISPANIC OR LATINO ORIGIN OF HOUSEHOLDER!!Households!!One race--!!White,Estimate!!Median income (dollars)!!HOUSEHOLD INCOME BY RACE AND HISPANIC OR LATINO ORIGIN OF HOUSEHOLDER!!Households!!One race--!!White,Margin of Error!!Median income (dollars) MOE!!HOUSEHOLD INCOME BY RACE AND HISPANIC OR LATINO ORIGIN OF HOUSEHOLDER!!Households!!One race--!!White,Estimate!!Number!!HOUSEHOLD INCOME BY RACE AND HISPANIC OR LATINO ORIGIN OF HOUSEHOLDER!!Households!!One race--!!Black or African American,Margin of Error!!Number MOE!!HOUSEHOLD INCOME BY RACE AND HISPANIC OR LATINO ORIGIN OF HOUSEHOLDER!!Households!!One race--!!Black or African American,Estimate!!Percent Distribution!!HOUSEHOLD INCOME BY RACE AND HISPANIC OR LATINO ORIGIN OF HOUSEHOLDER!!Households!!One race--!!Black or African American,Margin of Error!!Percent Distribution MOE!!HOUSEHOLD INCOME BY RACE AND HISPANIC OR LATINO ORIGIN OF HOUSEHOLDER!!Households!!One race--!!Black or African American,Estimate!!Median income (dollars)!!HOUSEHOLD INCOME BY RACE AND HISPANIC OR LATINO ORIGIN OF HOUSEHOLDER!!Households!!One race--!!Black or African American,Margin of Error!!Median income (dollars) MOE!!HOUSEHOLD INCOME BY RACE AND HISPANIC OR LATINO ORIGIN OF HOUSEHOLDER!!Households!!One race--!!Black or African American,Estimate!!Number!!HOUSEHOLD INCOME BY RACE AND HISPANIC OR LATINO ORIGIN OF HOUSEHOLDER!!Households!!One race--!!American Indian and Alaska Native,Margin of Error!!Number MOE!!HOUSEHOLD INCOME BY RACE AND HISPANIC OR LATINO ORIGIN OF HOUSEHOLDER!!Households!!One race--!!American Indian and Alaska Native,Estimate!!Percent Distribution!!HOUSEHOLD INCOME BY RACE AND HISPANIC OR LATINO ORIGIN OF HOUSEHOLDER!!Households!!One race--!!American Indian and Alaska Native,Margin of Error!!Percent Distribution MOE!!HOUSEHOLD INCOME BY RACE AND HISPANIC OR LATINO ORIGIN OF HOUSEHOLDER!!Households!!One race--!!American Indian and Alaska Native,Estimate!!Median income (dollars)!!HOUSEHOLD INCOME BY RACE AND HISPANIC OR LATINO ORIGIN OF HOUSEHOLDER!!Households!!One race--!!American Indian and Alaska Native,Margin of Error!!Median income (dollars) MOE!!HOUSEHOLD INCOME BY RACE AND HISPANIC OR LATINO ORIGIN OF HOUSEHOLDER!!Households!!One race--!!American Indian and Alaska Native,Estimate!!Number!!HOUSEHOLD INCOME BY RACE AND HISPANIC OR LATINO ORIGIN OF HOUSEHOLDER!!Households!!One race--!!Asian,Margin of Error!!Number MOE!!HOUSEHOLD INCOME BY RACE AND HISPANIC OR LATINO ORIGIN OF HOUSEHOLDER!!Households!!One race--!!Asian,Estimate!!Percent Distribution!!HOUSEHOLD INCOME BY RACE AND HISPANIC OR LATINO ORIGIN OF HOUSEHOLDER!!Households!!One race--!!Asian,Margin of Error!!Percent Distribution MOE!!HOUSEHOLD INCOME BY RACE AND HISPANIC OR LATINO ORIGIN OF HOUSEHOLDER!!Households!!One race--!!Asian,Estimate!!Median income (dollars)!!HOUSEHOLD INCOME BY RACE AND HISPANIC OR LATINO ORIGIN OF HOUSEHOLDER!!Households!!One race--!!Asian,Margin of Error!!Median income (dollars) MOE!!HOUSEHOLD INCOME BY RACE AND HISPANIC OR LATINO ORIGIN OF HOUSEHOLDER!!Households!!One race--!!Asian,Estimate!!Number!!HOUSEHOLD INCOME BY RACE AND HISPANIC OR LATINO ORIGIN OF HOUSEHOLDER!!Households!!One race--!!Native Hawaiian and Other Pacific Islander,Margin of Error!!Number MOE!!HOUSEHOLD INCOME BY RACE AND HISPANIC OR LATINO ORIGIN OF HOUSEHOLDER!!Households!!One race--!!Native Hawaiian and Other Pacific Islander,Estimate!!Percent Distribution!!HOUSEHOLD INCOME BY RACE AND HISPANIC OR LATINO ORIGIN OF HOUSEHOLDER!!Households!!One race--!!Native Hawaiian and Other Pacific Islander,Margin of Error!!Percent Distribution MOE!!HOUSEHOLD INCOME BY RACE AND HISPANIC OR LATINO ORIGIN OF HOUSEHOLDER!!Households!!One race--!!Native Hawaiian and Other Pacific Islander,Estimate!!Median income (dollars)!!HOUSEHOLD INCOME BY RACE AND HISPANIC OR LATINO ORIGIN OF HOUSEHOLDER!!Households!!One race--!!Native Hawaiian and Other Pacific Islander,Margin of Error!!Median income (dollars) MOE!!HOUSEHOLD INCOME BY RACE AND HISPANIC OR LATINO ORIGIN OF HOUSEHOLDER!!Households!!One race--!!Native Hawaiian and Other Pacific Islander,Estimate!!Number!!HOUSEHOLD INCOME BY RACE AND HISPANIC OR LATINO ORIGIN OF HOUSEHOLDER!!Households!!One race--!!Some other race,Margin of Error!!Number MOE!!HOUSEHOLD INCOME BY RACE AND HISPANIC OR LATINO ORIGIN OF HOUSEHOLDER!!Households!!One race--!!Some other race,Estimate!!Percent Distribution!!HOUSEHOLD INCOME BY RACE AND HISPANIC OR LATINO ORIGIN OF HOUSEHOLDER!!Households!!One race--!!Some other race,Margin of Error!!Percent Distribution MOE!!HOUSEHOLD INCOME BY RACE AND HISPANIC OR LATINO ORIGIN OF HOUSEHOLDER!!Households!!One race--!!Some other race,Estimate!!Median income (dollars)!!HOUSEHOLD INCOME BY RACE AND HISPANIC OR LATINO ORIGIN OF HOUSEHOLDER!!Households!!One race--!!Some other race,Margin of Error!!Median income (dollars) MOE!!HOUSEHOLD INCOME BY RACE AND HISPANIC OR LATINO ORIGIN OF HOUSEHOLDER!!Households!!One race--!!Some other race,Estimate!!Number!!HOUSEHOLD INCOME BY RACE AND HISPANIC OR LATINO ORIGIN OF HOUSEHOLDER!!Households!!Two or more races,Margin of Error!!Number MOE!!HOUSEHOLD INCOME BY RACE AND HISPANIC OR LATINO ORIGIN OF HOUSEHOLDER!!Households!!Two or more races,Estimate!!Percent Distribution!!HOUSEHOLD INCOME BY RACE AND HISPANIC OR LATINO ORIGIN OF HOUSEHOLDER!!Households!!Two or more races,Margin of Error!!Percent Distribution MOE!!HOUSEHOLD INCOME BY RACE AND HISPANIC OR LATINO ORIGIN OF HOUSEHOLDER!!Households!!Two or more races,Estimate!!Median income (dollars)!!HOUSEHOLD INCOME BY RACE AND HISPANIC OR LATINO ORIGIN OF HOUSEHOLDER!!Households!!Two or more races,Margin of Error!!Median income (dollars) MOE!!HOUSEHOLD INCOME BY RACE AND HISPANIC OR LATINO ORIGIN OF HOUSEHOLDER!!Households!!Two or more races,Estimate!!Number!!HOUSEHOLD INCOME BY RACE AND HISPANIC OR LATINO ORIGIN OF HOUSEHOLDER!!Households!!Hispanic or Latino origin (of any race),Margin of Error!!Number MOE!!HOUSEHOLD INCOME BY RACE AND HISPANIC OR LATINO ORIGIN OF HOUSEHOLDER!!Households!!Hispanic or Latino origin (of any race),Estimate!!Percent Distribution!!HOUSEHOLD INCOME BY RACE AND HISPANIC OR LATINO ORIGIN OF HOUSEHOLDER!!Households!!Hispanic or Latino origin (of any race),Margin of Error!!Percent Distribution MOE!!HOUSEHOLD INCOME BY RACE AND HISPANIC OR LATINO ORIGIN OF HOUSEHOLDER!!Households!!Hispanic or Latino origin (of any race),Estimate!!Median income (dollars)!!HOUSEHOLD INCOME BY RACE AND HISPANIC OR LATINO ORIGIN OF HOUSEHOLDER!!Households!!Hispanic or Latino origin (of any race),Margin of Error!!Median income (dollars) MOE!!HOUSEHOLD INCOME BY RACE AND HISPANIC OR LATINO ORIGIN OF HOUSEHOLDER!!Households!!Hispanic or Latino origin (of any race),"Estimate!!Number!!HOUSEHOLD INCOME BY RACE AND HISPANIC OR LATINO ORIGIN OF HOUSEHOLDER!!Households!!White alone, not Hispanic or Latino","Margin of Error!!Number MOE!!HOUSEHOLD INCOME BY RACE AND HISPANIC OR LATINO ORIGIN OF HOUSEHOLDER!!Households!!White alone, not Hispanic or Latino","Estimate!!Percent Distribution!!HOUSEHOLD INCOME BY RACE AND HISPANIC OR LATINO ORIGIN OF HOUSEHOLDER!!Households!!White alone, not Hispanic or Latino","Margin of Error!!Percent Distribution MOE!!HOUSEHOLD INCOME BY RACE AND HISPANIC OR LATINO ORIGIN OF HOUSEHOLDER!!Households!!White alone, not Hispanic or Latino","Estimate!!Median income (dollars)!!HOUSEHOLD INCOME BY RACE AND HISPANIC OR LATINO ORIGIN OF HOUSEHOLDER!!Households!!White alone, not Hispanic or Latino","Margin of Error!!Median income (dollars) MOE!!HOUSEHOLD INCOME BY RACE AND HISPANIC OR LATINO ORIGIN OF HOUSEHOLDER!!Households!!White alone, not Hispanic or Latino",Estimate!!Number!!HOUSEHOLD INCOME BY AGE OF HOUSEHOLDER!!15 to 24 years,Margin of Error!!Number MOE!!HOUSEHOLD INCOME BY AGE OF HOUSEHOLDER!!15 to 24 years,Estimate!!Percent Distribution!!HOUSEHOLD INCOME BY AGE OF HOUSEHOLDER!!15 to 24 years,Margin of Error!!Percent Distribution MOE!!HOUSEHOLD INCOME BY AGE OF HOUSEHOLDER!!15 to 24 years,Estimate!!Median income (dollars)!!HOUSEHOLD INCOME BY AGE OF HOUSEHOLDER!!15 to 24 years,Margin of Error!!Median income (dollars) MOE!!HOUSEHOLD INCOME BY AGE OF HOUSEHOLDER!!15 to 24 years,Estimate!!Number!!HOUSEHOLD INCOME BY AGE OF HOUSEHOLDER!!25 to 44 years,Margin of Error!!Number MOE!!HOUSEHOLD INCOME BY AGE OF HOUSEHOLDER!!25 to 44 years,Estimate!!Percent Distribution!!HOUSEHOLD INCOME BY AGE OF HOUSEHOLDER!!25 to 44 years,Margin of Error!!Percent Distribution MOE!!HOUSEHOLD INCOME BY AGE OF HOUSEHOLDER!!25 to 44 years,Estimate!!Median income (dollars)!!HOUSEHOLD INCOME BY AGE OF HOUSEHOLDER!!25 to 44 years,Margin of Error!!Median income (dollars) MOE!!HOUSEHOLD INCOME BY AGE OF HOUSEHOLDER!!25 to 44 years,Estimate!!Number!!HOUSEHOLD INCOME BY AGE OF HOUSEHOLDER!!45 to 64 years,Margin of Error!!Number MOE!!HOUSEHOLD INCOME BY AGE OF HOUSEHOLDER!!45 to 64 years,Estimate!!Percent Distribution!!HOUSEHOLD INCOME BY AGE OF HOUSEHOLDER!!45 to 64 years,Margin of Error!!Percent Distribution MOE!!HOUSEHOLD INCOME BY AGE OF HOUSEHOLDER!!45 to 64 years,Estimate!!Median income (dollars)!!HOUSEHOLD INCOME BY AGE OF HOUSEHOLDER!!45 to 64 years,Margin of Error!!Median income (dollars) MOE!!HOUSEHOLD INCOME BY AGE OF HOUSEHOLDER!!45 to 64 years,Estimate!!Number!!HOUSEHOLD INCOME BY AGE OF HOUSEHOLDER!!65 years and over,Margin of Error!!Number MOE!!HOUSEHOLD INCOME BY AGE OF HOUSEHOLDER!!65 years and over,Estimate!!Percent Distribution!!HOUSEHOLD INCOME BY AGE OF HOUSEHOLDER!!65 years and over,Margin of Error!!Percent Distribution MOE!!HOUSEHOLD INCOME BY AGE OF HOUSEHOLDER!!65 years and over,Estimate!!Median income (dollars)!!HOUSEHOLD INCOME BY AGE OF HOUSEHOLDER!!65 years and over,Margin of Error!!Median income (dollars) MOE!!HOUSEHOLD INCOME BY AGE OF HOUSEHOLDER!!65 years and over,Estimate!!Number!!FAMILIES!!Families,Margin of Error!!Number MOE!!FAMILIES!!Families,Estimate!!Percent Distribution!!FAMILIES!!Families,Margin of Error!!Percent Distribution MOE!!FAMILIES!!Families,Estimate!!Median income (dollars)!!FAMILIES!!Families,Margin of Error!!Median income (dollars) MOE!!FAMILIES!!Families,Estimate!!Number!!FAMILIES!!Families!!With own children of householder under 18 years,Margin of Error!!Number MOE!!FAMILIES!!Families!!With own children of householder under 18 years,Estimate!!Percent Distribution!!FAMILIES!!Families!!With own children of householder under 18 years,Margin of Error!!Percent Distribution MOE!!FAMILIES!!Families!!With own children of householder under 18 years,Estimate!!Median income (dollars)!!FAMILIES!!Families!!With own children of householder under 18 years,Margin of Error!!Median income (dollars) MOE!!FAMILIES!!Families!!With own children of householder under 18 years,Estimate!!Number!!FAMILIES!!Families!!With no own children of householder under 18 years,Margin of Error!!Number MOE!!FAMILIES!!Families!!With no own children of householder under 18 years,Margin of Error!!Percent Distribution MOE!!FAMILIES!!Families!!With no own children of householder under 18 years,Estimate!!Median income (dollars)!!FAMILIES!!Families!!With no own children of householder under 18 years,Margin of Error!!Median income (dollars) MOE!!FAMILIES!!Families!!With no own children of householder under 18 years,Estimate!!Number!!FAMILIES!!Families!!Married-couple families,Margin of Error!!Number MOE!!FAMILIES!!Families!!Married-couple families,Estimate!!Percent Distribution!!FAMILIES!!Families!!Married-couple families,Margin of Error!!Percent Distribution MOE!!FAMILIES!!Families!!Married-couple families,Estimate!!Median income (dollars)!!FAMILIES!!Families!!Married-couple families,Margin of Error!!Median income (dollars) MOE!!FAMILIES!!Families!!Married-couple families,Estimate!!Number!!FAMILIES!!Families!!Married-couple families!!With own children under 18 years,Margin of Error!!Number MOE!!FAMILIES!!Families!!Married-couple families!!With own children under 18 years,Estimate!!Percent Distribution!!FAMILIES!!Families!!Married-couple families!!With own children under 18 years,Margin of Error!!Percent Distribution MOE!!FAMILIES!!Families!!Married-couple families!!With own children under 18 years,Estimate!!Median income (dollars)!!FAMILIES!!Families!!Married-couple families!!With own children under 18 years,Margin of Error!!Median income (dollars) MOE!!FAMILIES!!Families!!Married-couple families!!With own children under 18 years,"Estimate!!Number!!FAMILIES!!Families!!Female householder, no husband present","Margin of Error!!Number MOE!!FAMILIES!!Families!!Female householder, no husband present","Estimate!!Percent Distribution!!FAMILIES!!Families!!Female householder, no husband present","Margin of Error!!Percent Distribution MOE!!FAMILIES!!Families!!Female householder, no husband present","Estimate!!Median income (dollars)!!FAMILIES!!Families!!Female householder, no husband present","Margin of Error!!Median income (dollars) MOE!!FAMILIES!!Families!!Female householder, no husband present","Estimate!!Number!!FAMILIES!!Families!!Female householder, no husband present!!With own children under 18 years","Margin of Error!!Number MOE!!FAMILIES!!Families!!Female householder, no husband present!!With own children under 18 years","Estimate!!Percent Distribution!!FAMILIES!!Families!!Female householder, no husband present!!With own children under 18 years","Margin of Error!!Percent Distribution MOE!!FAMILIES!!Families!!Female householder, no husband present!!With own children under 18 years","Estimate!!Median income (dollars)!!FAMILIES!!Families!!Female householder, no husband present!!With own children under 18 years","Margin of Error!!Median income (dollars) MOE!!FAMILIES!!Families!!Female householder, no husband present!!With own children under 18 years","Estimate!!Number!!FAMILIES!!Families!!Male householder, no wife present","Margin of Error!!Number MOE!!FAMILIES!!Families!!Male householder, no wife present","Estimate!!Percent Distribution!!FAMILIES!!Families!!Male householder, no wife present","Margin of Error!!Percent Distribution MOE!!FAMILIES!!Families!!Male householder, no wife present","Estimate!!Median income (dollars)!!FAMILIES!!Families!!Male householder, no wife present","Margin of Error!!Median income (dollars) MOE!!FAMILIES!!Families!!Male householder, no wife present","Estimate!!Number!!FAMILIES!!Families!!Male householder, no wife present!!With own children under 18 years","Margin of Error!!Number MOE!!FAMILIES!!Families!!Male householder, no wife present!!With own children under 18 years","Estimate!!Percent Distribution!!FAMILIES!!Families!!Male householder, no wife present!!With own children under 18 years","Margin of Error!!Percent Distribution MOE!!FAMILIES!!Families!!Male householder, no wife present!!With own children under 18 years","Estimate!!Median income (dollars)!!FAMILIES!!Families!!Male householder, no wife present!!With own children under 18 years","Margin of Error!!Median income (dollars) MOE!!FAMILIES!!Families!!Male householder, no wife present!!With own children under 18 years",Estimate!!Number!!FAMILY INCOME BY FAMILY SIZE!!2-person families,Estimate!!Percent Distribution!!FAMILIES!!Families!!With no own children of householder under 18 years
1400000US16027020100,16027020100,"Census Tract 201, Canyon County, Idaho",6333,25658,26167,19375,4470,8722,10265,11834,8822.75,19383.25,32750,13110,41,71.8,15.1,31458,14060,10,10,7.6,7.6,-,**,5,9,3.8,6.4,-,**,22,18,16.8,11.9,-,**,0,12,0,21.7,-,**,0,12,0,21.7,-,**,16,14,12.2,10.6,31429,12025,36,29,27.5,18.6,26053,4601,71,38,54.2,19.5,52292,42563,8,10,6.1,7,-,**,368,56,368,56,18456,3105,132,43,35.9,10.3,18333,5176,118,40,32.1,9.6,17500,3716,14,15,3.8,4,-,**,236,52,64.1,10.3,18654,5229,228,50,62,10.5,17885,4568,8,11,2.2,3,-,**,499,60,499,60,23083,6914,427,61,85.6,7.7,22188,9873,0,12,0,6.3,-,**,0,12,0,6.3,-,**,0,12,0,6.3,-,**,0,12,0,6.3,-,**,46,33,9.2,6.2,25658,7038,26,23,5.2,4.6,20000,10350,101,47,20.2,8.5,19375,11540,384,60,77,9.1,25000,9828,34,27,6.8,5.3,6333,4470,136,51,27.3,8.6,25658,8722,166,43,33.3,7.6,26167,10265,163,33,32.7,6.9,19375,11834,131,47,131,47,32750,13110,41,27,31.3,16.6,26513,5051,90,39,16.6,39375,33206,97,39,74,18,32188,17327,26,21,19.8,14.5,30000,17489,28,27,21.4,17.5,27333,21386,15,23,11.5,16.2,-,**,6,10,4.6,7,-,**,0,12,0,21.7,-,**,94,68.7
1400000US16027020200,16027020200,"Census Tract 202, Canyon County, Idaho",18750,38289,22344,28373,6454,5170,4229,1673,4381.5,26939,31832,7763,126,38.4,10.1,28898,7440,212,92,21.3,9,24706,19338,197,89,19.8,9.1,37721,14780,107,54,10.8,5,33917,8303,9,14,0.9,1.5,-,**,87,65,8.8,6.3,41520,15688,137,55,13.8,5.1,22614,20828,390,114,39.3,10.3,28311,4924,423,137,42.6,11.1,40583,9950,43,31,4.3,3.1,75179,14578,559,132,559,132,23165,5165,269,100,48.1,13.3,17917,11305,233,92,41.7,12.6,14276,12690,36,34,6.4,6,37857,31455,290,99,51.9,13.3,24583,2750,253,89,45.3,12.9,24618,2597,37,34,6.6,5.9,-,**,1552,136,1552,136,27975,2955,1322,127,85.2,4.9,26979,3150,15,25,1,1.6,-,**,26,28,1.7,1.8,-,**,0,12,0,2.1,-,**,0,12,0,2.1,-,**,158,69,10.2,4.3,36759,7528,31,29,2,1.8,36563,9483,622,138,40.1,6.9,30357,11534,907,100,58.4,7,26859,3173,96,56,6.2,3.5,18750,6454,632,141,40.7,7.6,38289,5170,572,101,36.9,6.1,22344,4229,252,70,16.2,4.5,28373,1673,993,155,993,155,31832,7763,516,145,52,10.7,30132,10411,477,119,10.7,36898,9000,498,123,50.2,10.2,41440,2199,204,92,20.5,8.6,40541,9763,403,113,40.6,9.5,23781,4342,237,94,23.9,8.5,21875,1573,92,57,9.3,5.4,32258,14676,75,56,7.6,5.4,38309,19467,381,48
1400000US16027020300,16027020300,"Census Tract 203, Canyon County, Idaho",-,40915,36058,37944,**,8952,10910,14647,11503,38305.66667,40969,7631,83,26.7,7.5,42868,8469,190,91,21.3,9.3,40417,32403,265,105,29.7,11.7,52083,41142,64,52,7.2,5.5,62500,18539,32,34,3.6,3.8,-,**,102,70,11.4,7.7,25000,15994,83,47,9.3,4.8,-,**,341,104,38.3,9.9,22137,5093,345,102,38.7,10.1,49375,22755,122,67,13.7,7.3,72278,20670,816,149,816,149,31382,5771,460,132,56.4,11.1,21989,5690,389,118,47.7,10.5,21207,2567,71,55,8.7,6.6,30871,5912,356,105,43.6,11.1,39205,9624,230,94,28.2,10.4,37500,6186,126,57,15.4,6.9,57361,34808,1707,105,1707,105,37664,4832,1558,141,91.3,5.2,37228,4961,0,17,0,1.9,-,**,25,30,1.5,1.8,-,**,57,47,3.3,2.7,-,**,0,17,0,1.9,-,**,54,60,3.2,3.5,-,**,13,14,0.8,0.8,-,**,399,91,23.4,4.8,35329,14340,1220,114,71.5,5.9,38531,5540,111,49,6.5,3,-,**,740,127,43.4,6.2,40915,8952,511,94,29.9,5.7,36058,10910,345,77,20.2,4.3,37944,14647,891,135,891,135,40969,7631,482,107,54.1,10.1,37791,9217,409,117,10.1,48125,16886,623,132,69.9,9.3,44228,18543,349,92,39.2,9.6,40707,24132,213,84,23.9,9.1,33417,14593,101,75,11.3,7.9,-,**,55,33,6.2,3.6,-,**,32,23,3.6,2.7,16607,15821,238,45.9
1400000US16027020401,16027020401,"Census Tract 204.01, Canyon County, Idaho",31000,53154,37656,34957,23250,3423,8384,10133,11297.5,39191.75,53152,5495,183,36,7.9,37487,9230,597,189,27.5,7.9,62083,32665,315,136,14.5,6.3,85884,21291,354,167,16.3,7.4,51276,4347,71,73,3.3,3.4,150164,132651,52,44,2.4,2.1,71167,51404,244,92,11.2,4.2,26667,18241,515,165,23.7,6.8,38458,4239,990,195,45.6,7.9,67313,22999,421,175,19.4,8,70375,13032,1134,202,1134,202,30227,11036,375,137,33.1,12.3,26386,9652,325,137,28.7,12.7,25320,15854,50,43,4.4,3.7,62941,56505,759,217,66.9,12.3,33250,15499,547,178,48.2,12.5,21324,5776,212,131,18.7,10.6,53885,13382,3304,191,3304,191,45174,7130,2852,229,86.3,4.9,42047,6936,0,17,0,1,-,**,46,54,1.4,1.6,-,**,13,22,0.4,0.7,-,**,26,47,0.8,1.4,-,**,309,135,9.4,4,70075,22252,58,54,1.8,1.6,-,**,651,179,19.7,5,53750,21378,2546,213,77.1,5.4,42639,6521,188,99,5.7,3.1,31000,23250,1363,251,41.3,6.7,53154,3423,1236,205,37.4,5.7,37656,8384,517,164,15.6,5.1,34957,10133,2170,217,2170,217,53152,5495,1100,205,50.7,7.8,51984,7244,1070,199,7.8,58833,18126,1628,236,75,7.8,60086,12867,782,184,36,7.7,58110,17072,393,140,18.1,6.1,25273,15300,271,122,12.5,5.3,17159,11406,149,118,6.9,5.5,36042,30904,47,62,2.2,2.9,-,**,781,49.3
1400000US16027020402,16027020402,"Census Tract 204.02, Canyon County, Idaho",-,45614,34333,38125,**,19262,13098,10797,14385.66667,39357.33333,44074,10022,136,46.6,8.6,39861,7249,162,110,13.8,9.2,60250,56812,217,98,18.5,8.6,-,**,183,120,15.6,10.2,80583,55588,0,17,0,2.7,-,**,66,81,5.6,6.7,-,**,162,74,13.8,5.9,48594,14566,484,132,41.2,12.1,34730,6682,345,162,29.3,12.3,60764,39636,185,101,15.7,7.9,105194,28584,1018,174,1018,174,24158,4574,577,175,56.7,12.4,22768,3530,538,171,52.8,12.8,22098,4662,39,45,3.8,4.4,-,**,441,136,43.3,12.4,38750,27789,242,106,23.8,9.8,-,**,199,106,19.5,10.6,63281,53710,2194,155,2194,155,38700,7354,2119,150,96.6,3.3,40029,7016,24,44,1.1,2,-,**,0,17,0,1.5,-,**,11,23,0.5,1.1,-,**,0,17,0,1.5,-,**,0,17,0,1.5,-,**,40,51,1.8,2.3,-,**,306,112,13.9,4.9,-,**,1813,162,82.6,5.8,40754,4862,194,114,8.8,5.1,-,**,699,146,31.9,6.3,45614,19262,730,169,33.3,7.3,34333,13098,571,107,26,4.9,38125,10797,1176,162,1176,162,44074,10022,539,120,45.8,9.9,42481,41920,637,164,9.9,44120,10762,806,169,68.5,10.9,65588,21988,343,136,29.2,11.5,95417,46716,251,111,21.3,9.6,33641,2541,147,99,12.5,8.6,32205,2673,119,82,10.1,6.4,41118,33358,49,45,4.2,3.7,56375,24368,548,54.2
1400000US16027020501,16027020501,"Census Tract 205.01, Canyon County, Idaho",-,54575,55547,48542,**,7952,18776,11171,12633,52888,52784,6057,78,39.3,8.1,52019,11209,200,70,22.8,7.9,44583,16806,173,68,19.7,7,48661,10144,57,33,6.5,3.6,48977,11055,85,62,9.7,6.7,64250,36693,17,27,1.9,3,-,**,135,46,15.4,5.2,41625,7395,300,87,34.2,8.5,42419,6660,364,88,41.6,8.8,56429,10327,77,53,8.8,5.8,87813,54300,406,112,406,112,50682,16814,192,62,47.3,14.7,32045,17991,158,52,38.9,12.9,25500,19358,34,38,8.4,9.3,-,**,214,97,52.7,14.7,53676,14758,202,96,49.8,15,53456,14241,12,15,3,4,-,**,1282,76,1282,76,53104,3671,1218,85,95,3.8,53352,3471,0,12,0,2.5,-,**,38,34,3,2.7,-,**,0,12,0,2.5,-,**,0,12,0,2.5,-,**,26,31,2,2.4,-,**,0,12,0,2.5,-,**,169,66,13.2,5,54696,15521,1083,93,84.5,5.4,52068,4879,27,40,2.1,3.1,-,**,523,76,40.8,5.2,54575,7952,443,60,34.6,3.9,55547,18776,289,38,22.5,3.2,48542,11171,876,110,876,110,52784,6057,417,94,47.6,7.7,49650,13449,459,77,7.7,53287,6455,737,122,84.1,7,55607,5768,328,97,37.4,9,55263,10668,103,57,11.8,6.7,29375,25508,64,45,7.3,5.2,-,**,36,32,4.1,3.6,42727,7332,25,26,2.9,2.8,41094,32654,344,52.4
1400000US16027020503,16027020503,"Census Tract 205.03, Canyon County, Idaho",-,59046,51292,32143,**,12297,13786,13114,13065.66667,47493.66667,49228,11700,75,47.6,8.3,42734,6717,172,81,23.7,10,46667,12087,112,64,15.4,8.5,78712,2889,70,44,9.7,5.9,-,**,26,26,3.6,3.6,-,**,0,12,0,4.4,-,**,143,46,19.7,6,32596,12960,292,99,40.3,10.8,48553,11490,244,74,33.7,9.8,62692,15114,46,34,6.3,4.6,88667,20936,475,122,475,122,29191,9968,248,83,52.2,12.5,17372,11219,220,75,46.3,10.9,17308,10495,28,26,5.9,5.6,-,**,227,86,47.8,12.5,41691,19036,138,57,29.1,10,40147,17721,89,65,18.7,12.3,-,**,1200,64,1200,64,46149,7866,1115,65,92.9,5.1,42481,11696,0,12,0,2.7,-,**,5,9,0.4,0.7,-,**,0,12,0,2.7,-,**,17,28,1.4,2.3,-,**,6,14,0.5,1.1,-,**,57,54,4.8,4.3,47431,43278,118,48,9.8,3.9,50667,28308,1028,66,85.7,5.7,42115,9942,22,25,1.8,2.1,-,**,515,76,42.9,5.9,59046,12297,337,70,28.1,5.8,51292,13786,326,60,27.2,4.5,32143,13114,725,110,725,110,49228,11700,389,87,53.7,7.5,60128,15042,336,67,7.5,41711,11785,536,100,73.9,10.1,57708,8615,245,78,33.8,9.7,77992,17886,98,52,13.5,6.6,40250,5080,60,42,8.3,5.5,41833,7978,91,65,12.6,8.5,43304,35057,84,64,11.6,8.3,43929,37739,345,46.3
1400000US16027020504,16027020504,"Census Tract 205.04, Canyon County, Idaho",-,32765,33194,24617,**,4039,8400,10794,7744.333333,30192,32453,4754,172,50.6,14.2,34286,12305,232,142,21.8,11.3,-,**,107,85,10.1,8,35843,11580,144,96,13.5,9.6,-,**,43,68,4,6.3,-,**,0,17,0,3,-,**,70,55,6.6,5.1,-,**,431,167,40.5,13.7,25576,10252,546,171,51.3,13.1,42333,34351,17,31,1.6,2.9,-,**,1028,205,1028,205,27583,6934,634,168,61.7,11.8,27308,8652,484,137,47.1,11.5,28417,11092,150,85,14.6,7.6,22692,16757,394,148,38.3,11.8,30208,10135,356,144,34.6,11.6,26576,9330,38,43,3.7,4.2,-,**,2092,155,2092,155,31771,2709,1915,171,91.5,5.1,32077,3190,23,40,1.1,1.9,-,**,0,17,0,1.5,-,**,0,17,0,1.5,-,**,0,17,0,1.5,-,**,13,22,0.6,1.1,-,**,141,94,6.7,4.4,-,**,303,150,14.5,6.7,30320,8997,1643,150,78.5,6.6,32461,4491,181,78,8.7,3.8,-,**,876,143,41.9,6,32765,4039,552,145,26.4,6.2,33194,8400,483,96,23.1,4.7,24617,10794,1064,190,1064,190,32453,4754,647,179,60.8,12.5,25806,6520,417,150,12.5,46125,25076,634,187,59.6,13.7,39737,28554,343,167,32.2,13.8,32297,29491,392,161,36.8,13.8,16111,14522,304,137,28.6,12.5,13125,2843,38,40,3.6,3.7,-,**,0,17,0,3,-,**,538,39.2
1400000US16027020601,16027020601,"Census Tract 206.01, Canyon County, Idaho",-,50945,43750,55387,**,13558,29128,2914,15200,50027.33333,51372,8850,100,31.3,5.7,40116,4705,350,117,24.1,7.4,67321,22897,280,90,19.3,6,63039,7796,262,96,18.1,6.8,63611,23794,83,53,5.7,3.6,45846,2078,22,21,1.5,1.4,85833,60582,144,57,9.9,3.8,33611,16350,570,140,39.3,8.8,41959,5129,566,130,39,8.3,67125,6312,171,75,11.8,4.8,73405,9148,251,107,251,107,26771,12973,137,86,54.6,21.4,20647,8688,123,83,49,22.3,20043,13242,14,20,5.6,7.7,-,**,114,63,45.4,21.4,36250,10351,103,61,41,18.9,37781,8837,11,17,4.4,7.6,-,**,1702,101,1702,101,51633,7829,1465,123,86.1,5.3,48828,7450,12,21,0.7,1.2,-,**,7,11,0.4,0.7,-,**,12,19,0.7,1.1,-,**,0,17,0,1.9,-,**,176,84,10.3,4.8,64033,2528,30,30,1.8,1.8,60455,28172,336,117,19.7,6.4,64567,6516,1305,121,76.7,6.6,47202,7479,8,13,0.5,0.8,-,**,967,153,56.8,7.2,50945,13558,474,111,27.8,6.8,43750,29128,253,52,14.9,2.9,55387,2914,1451,135,1451,135,51372,8850,918,133,63.3,6.6,48167,5069,533,103,6.6,60260,14164,1058,147,72.9,6.9,62853,5887,623,112,42.9,6.5,63926,4538,276,87,19,5.8,39038,14078,214,89,14.7,5.9,38077,19212,117,51,8.1,3.4,37546,7289,81,49,5.6,3.3,34938,6986,454,36.7
1400000US16027020602,16027020602,"Census Tract 206.02, Canyon County, Idaho",26518,43851,49133,41176,13585,25945,7696,20828,17013.5,40169.5,44101,7706,134,41.4,7.3,44779,15948,217,104,12.6,6.1,55719,8794,438,182,25.5,9.3,37500,8397,183,120,10.6,6.6,33348,27664,118,91,6.9,5.3,-,**,51,43,3,2.5,99583,20790,143,65,8.3,4,38203,10360,586,204,34.1,11,37628,8349,787,211,45.8,10.7,45313,20126,203,95,11.8,5.3,90074,18369,887,218,887,218,29519,17115,349,137,39.3,13.9,23893,9349,300,133,33.8,13.5,21875,6822,49,45,5.5,5.1,36397,12423,538,197,60.7,13.9,49737,31725,379,136,42.7,14,29340,28162,159,140,17.9,13.4,75851,32842,2606,198,2606,198,42789,8172,2219,204,85.1,5.7,43358,7568,0,17,0,1.2,-,**,0,17,0,1.2,-,**,20,33,0.8,1.3,-,**,52,63,2,2.4,-,**,215,141,8.3,5.3,-,**,100,78,3.8,3,39091,29262,453,158,17.4,5.8,-,**,2033,212,78,6.2,44048,8460,254,148,9.7,5.7,26518,13585,780,200,29.9,6.9,43851,25945,992,203,38.1,7.2,49133,7696,580,134,22.3,5.2,41176,20828,1719,211,1719,211,44101,7706,776,204,45.1,8.7,36474,8058,943,152,8.7,55329,13068,1058,207,61.5,10.1,52100,19419,446,190,25.9,9.9,43043,20741,383,170,22.3,9,35961,4225,203,143,11.8,7.9,35829,4531,278,120,16.2,7,43936,20851,127,77,7.4,4.6,-,**,712,54.9
1400000US16027020700,16027020700,"Census Tract 207, Canyon County, Idaho",-,70714,85347,55221,**,24368,18993,10019,17793.33333,70427.33333,80089,14239,100,49.3,6.4,73750,13020,206,90,18.4,7.5,105909,88420,197,58,17.6,5,66719,27055,131,47,11.7,4.4,99107,56277,19,20,1.7,1.7,-,**,15,22,1.3,1.9,-,**,122,44,10.9,3.7,53000,17521,332,89,29.6,7.6,51667,12278,543,122,48.4,8.9,105134,13713,124,55,11.1,4.9,71429,26697,230,94,230,94,39231,12837,89,47,38.7,22.4,17961,7055,89,47,38.7,22.4,17961,7055,0,12,0,13.2,-,**,141,89,61.3,22.4,55565,21840,126,87,54.8,23.7,56012,20439,15,16,6.5,7.1,-,**,1351,94,1351,94,69135,6769,1247,103,92.3,4.7,66763,5202,0,12,0,2.4,-,**,0,12,0,2.4,-,**,12,20,0.9,1.5,-,**,0,12,0,2.4,-,**,13,19,1,1.4,-,**,79,57,5.8,4.1,148618,45548,97,48,7.2,3.5,52578,52494,1173,98,86.8,5.3,68173,5698,7,13,0.5,0.9,-,**,428,77,31.7,5.4,70714,24368,553,86,40.9,5.6,85347,18993,363,60,26.9,3.8,55221,10019,1121,114,1121,114,80089,14239,464,69,41.4,5.5,84231,25214,657,101,5.5,78672,14769,1009,115,90,4.3,85817,10633,397,71,35.4,6,90855,12476,105,48,9.4,4.2,42639,39339,67,38,6,3.3,-,**,7,13,0.6,1.1,-,**,0,12,0,2.9,-,**,553,58.6
1400000US16027020901,16027020901,"Census Tract 209.01, Canyon County, Idaho",51712,54837,64000,47976,6913,10637,5250,9335,8033.75,54631.25,64021,3095,268,36.2,6.5,56426,10063,634,221,19.3,6.2,63780,3987,705,228,21.5,6.5,70638,24499,476,174,14.5,5.3,68262,18902,70,77,2.1,2.3,51439,16393,209,123,6.4,3.9,51538,45214,538,165,16.4,4.8,49583,17030,850,270,25.9,7.7,51549,4917,1421,331,43.3,8.7,66808,9886,474,193,14.4,5.9,68293,3211,1289,320,1289,320,32323,5769,669,218,51.9,15,33281,8759,601,207,46.6,14.8,31563,11179,68,70,5.3,5.4,105139,44657,620,274,48.1,15,32098,12819,558,268,43.3,15.1,32098,13238,62,78,4.8,6.2,-,**,4572,220,4572,220,56495,8099,4113,239,90,4.7,58621,7480,40,50,0.9,1.1,-,**,32,33,0.7,0.7,-,**,87,112,1.9,2.4,-,**,0,19,0,0.7,-,**,183,138,4,3,47477,46977,117,96,2.6,2.1,46932,6219,534,181,11.7,3.8,51083,15477,3792,229,82.9,4.9,59201,7258,153,99,3.3,2.2,51712,6913,1581,257,34.6,4.9,54837,10637,1834,240,40.1,5.2,64000,5250,1004,138,22,3.1,47976,9335,3283,337,3283,337,64021,3095,1710,286,52.1,7.1,65922,2835,1573,290,7.1,58324,8049,2974,325,90.6,4.6,65040,3021,1640,273,50,7,66411,2946,249,138,7.6,4,47138,17627,70,80,2.1,2.4,-,**,60,68,1.8,2.1,-,**,0,19,0,1,-,**,1189,47.9
1400000US16027020902,16027020902,"Census Tract 209.02, Canyon County, Idaho",-,63010,71375,43269,**,27149,17446,11280,18625,59218,65764,7296,392,45.4,7.4,59466,8236,891,272,20.9,6.1,65125,53922,747,269,17.5,6.3,96178,27500,290,148,6.8,3.5,50064,21267,249,137,5.8,3.2,64306,30058,152,113,3.6,2.6,70917,61685,583,191,13.7,4.3,34705,11930,1143,294,26.8,6.1,53381,14250,1992,351,46.7,7.1,72809,22307,551,260,12.9,6.2,94290,21690,917,295,917,295,31442,13844,585,252,63.8,16,23869,15107,550,243,60,15.7,21818,14505,35,38,3.8,4.3,-,**,332,166,36.2,16,53517,15757,218,126,23.8,13,53390,49417,114,107,12.4,11.1,-,**,5186,305,5186,305,60941,8181,4732,284,91.2,4,63942,6906,0,19,0,0.6,-,**,89,70,1.7,1.4,-,**,101,90,1.9,1.7,-,**,0,19,0,0.6,-,**,210,168,4,3.2,-,**,54,79,1,1.5,-,**,642,226,12.4,4.3,53421,19560,4300,320,82.9,4.5,64891,8130,0,19,0,0.6,-,**,1706,289,32.9,5.4,63010,27149,1892,330,36.5,5.4,71375,17446,1588,222,30.6,4.4,43269,11280,4269,412,4269,412,65764,7296,1714,270,40.1,6,63375,19888,2555,394,6,66674,8096,3540,407,82.9,6.2,73032,10443,1311,226,30.7,5.6,91518,37537,481,247,11.3,5.6,40781,19494,257,187,6,4.3,-,**,248,150,5.8,3.5,34286,3567,146,110,3.4,2.6,35765,7970,1940,59.9
1400000US16027021001,16027021001,"Census Tract 210.01, Canyon County, Idaho",52679,54590,60025,33668,44231,10620,10753,3771,17343.75,50240.5,59698,5165,196,24.4,6,62259,5804,705,250,22.1,7.4,42095,8981,642,226,20.1,6.6,60662,10601,626,205,19.6,6.6,61974,13052,214,141,6.7,4.4,48587,11067,225,119,7.1,3.7,82036,78082,217,113,6.8,3.6,36635,8640,1007,242,31.6,7,50116,13154,1299,284,40.7,8.6,60998,5160,668,219,20.9,6.5,68152,7882,1127,265,1127,265,32370,10451,518,161,46,14.6,22435,20277,430,152,38.2,13.3,21006,7709,88,77,7.8,7.1,-,**,609,255,54,14.6,40060,21356,426,166,37.8,11.8,26014,21676,183,179,16.2,14,69622,60300,4318,223,4318,223,52401,6290,3513,329,81.4,6.6,52124,4165,0,19,0,0.7,-,**,60,57,1.4,1.3,34457,22373,89,86,2.1,2,-,**,0,19,0,0.7,-,**,527,286,12.2,6.5,64478,15876,129,93,3,2.2,-,**,1383,277,32,5.7,49886,6544,2731,247,63.2,5.7,58598,7509,141,103,3.3,2.4,52679,44231,1948,278,45.1,5.8,54590,10620,1455,283,33.7,6.1,60025,10753,774,168,17.9,4,33668,3771,3191,262,3191,262,59698,5165,1934,230,60.6,5.8,51186,4242,1257,225,5.8,65458,3096,2476,279,77.6,7,62908,4969,1552,239,48.6,7.2,55000,11567,435,146,13.6,4.4,56442,6305,189,105,5.9,3.3,40461,27825,280,183,8.8,5.6,41000,8999,193,190,6,5.9,40620,13630,779,39.4
1400000US16027021002,16027021002,"Census Tract 210.02, Canyon County, Idaho",21182,54761,59665,35368,17691,8321,13882,12993,13221.75,42744,52500,6194,200,49.2,6.5,48860,3557,439,173,17.5,6.1,44417,33194,347,153,13.8,5.9,-,**,377,135,15,5.2,77587,46713,57,61,2.3,2.5,-,**,55,68,2.2,2.7,-,**,513,113,20.4,4.4,45574,5119,866,218,34.5,7,43036,7789,820,172,32.6,6.7,64913,14907,313,139,12.5,5.4,79041,28907,1641,253,1641,253,24675,5529,924,209,56.3,11,22699,3673,760,213,46.3,11.5,21969,3304,164,105,10,6.4,46034,21127,717,229,43.7,11,34929,19045,516,175,31.4,9.4,34292,10824,201,152,12.2,8.7,-,**,4153,204,4153,204,45018,4964,3532,227,85,4.7,46041,3276,0,19,0,0.8,-,**,86,72,2.1,1.7,-,**,0,19,0,0.8,-,**,0,19,0,0.8,-,**,377,157,9.1,3.7,38798,24483,158,127,3.8,3,13160,3421,847,170,20.4,4,39099,11073,3160,230,76.1,4.7,46884,4028,425,165,10.2,4,21182,17691,1269,221,30.6,4.9,54761,8321,1151,195,27.7,4.4,59665,13882,1308,156,31.5,3.8,35368,12993,2512,261,2512,261,52500,6194,1124,207,44.7,6.4,53596,13120,1388,211,6.4,50625,10404,1769,201,70.4,7.1,58371,9802,755,162,30.1,5.9,57804,9363,585,204,23.3,6.8,39040,9321,314,151,12.5,5.6,37794,22466,158,71,6.3,2.8,63359,37224,55,45,2.2,1.8,40313,17492,1237,55.3
1400000US16027021100,16027021100,"Census Tract 211, Canyon County, Idaho",32560,56346,64722,51971,24727,6204,14329,17618,15719.5,51399.75,59448,7183,294,41.2,6.4,59814,10273,747,260,16.3,5.4,70040,25314,894,272,19.5,5.5,67661,8049,752,246,16.4,5.2,48723,10117,170,109,3.7,2.4,36607,14822,139,115,3,2.5,76435,30202,382,141,8.3,3.1,41912,9249,1560,321,33.9,6.9,52760,10022,2195,400,47.8,7.6,66739,9393,458,201,10,4.1,77407,36329,1608,314,1608,314,36772,6596,963,261,59.9,12.4,34732,7807,774,240,48.1,11.6,27214,10446,189,106,11.8,6.7,60352,24792,645,244,40.1,12.4,40156,15555,549,223,34.1,11.9,36157,21723,96,98,6,6,89900,50309,6203,226,6203,226,56423,3983,5720,290,92.2,3.7,56174,4810,40,66,0.6,1.1,-,**,125,139,2,2.2,29503,27605,63,61,1,1,76991,36252,20,36,0.3,0.6,-,**,175,121,2.8,2,75551,38419,60,66,1,1.1,-,**,895,214,14.4,3.3,52990,9654,5109,248,82.4,3.4,57944,3754,446,164,7.2,2.7,32560,24727,2776,323,44.8,5,56346,6204,1954,298,31.5,4.6,64722,14329,1027,190,16.6,3,51971,17618,4595,341,4595,341,59448,7183,2432,332,52.9,5.4,55481,4925,2163,275,5.4,68297,13800,3866,373,84.1,5.2,66714,7288,1935,342,42.1,6.4,63724,11311,507,216,11,4.7,40139,24233,399,224,8.7,4.9,31164,23811,222,118,4.8,2.5,46250,5083,98,88,2.1,1.9,34563,20670,1893,47.1
1400000US16027021200,16027021200,"Census Tract 212, Canyon County, Idaho",-,47107,35745,58179,**,25027,10634,19462,18374.33333,47010.33333,62736,9186,146,31.4,7.8,59071,22878,165,92,9.8,5.3,58679,11834,290,124,17.3,7.4,68125,50424,426,164,25.4,8.7,-,**,195,108,11.6,6.6,89611,30324,76,63,4.5,3.8,-,**,215,120,12.8,6.6,-,**,536,167,31.9,9.3,39571,20770,606,157,36.1,8.8,83158,26118,323,109,19.2,6.3,76553,11913,831,199,831,199,25893,14713,544,176,65.5,14.5,26429,14475,479,170,57.6,14,25139,19606,65,43,7.8,5.3,68224,41260,287,139,34.5,14.5,-,**,237,134,28.5,14.8,-,**,50,51,6,5.9,"2,500-",***,2511,153,2511,153,44502,10222,2013,212,80.2,6.4,43849,8340,0,17,0,1.3,-,**,58,59,2.3,2.4,-,**,0,17,0,1.3,-,**,0,17,0,1.3,-,**,340,143,13.5,5.7,-,**,100,65,4,2.6,86071,45238,859,180,34.2,6.7,32482,16834,1553,184,61.8,6.6,48918,20333,97,61,3.9,2.4,-,**,1011,180,40.3,6.8,47107,25027,934,188,37.2,7,35745,10634,469,79,18.7,3,58179,19462,1680,202,1680,202,62736,9186,892,177,53.1,8,47667,16891,788,158,8,71622,20149,1368,220,81.4,8,75833,14657,642,168,38.2,8.5,75379,35879,262,120,15.6,7,29886,25083,200,101,11.9,5.8,-,**,50,48,3,2.9,42833,31595,50,48,3,2.9,42833,31595,528,46.9
1400000US16027021300,16027021300,"Census Tract 213, Canyon County, Idaho",25313,32731,25865,25625,19107,23572,10704,11673,16264,27383.5,35398,11492,56,27.1,9.5,23929,11216,171,81,33.6,14.2,-,**,70,38,13.8,7.2,-,**,66,44,13,8.5,-,**,34,33,6.7,6.3,90909,69870,30,23,5.9,4.7,-,**,56,29,11,5.3,25313,6820,183,76,36,11.5,14047,3118,203,63,39.9,12.5,48092,10848,67,42,13.2,7.8,89539,4875,325,71,325,71,17292,5082,127,40,39.1,10,15208,3630,108,36,33.2,10.4,13611,3553,19,22,5.8,6.2,-,**,198,56,60.9,10,22647,9035,144,53,44.3,11.5,22500,16272,54,33,16.6,9.7,-,**,834,82,834,82,25743,5169,600,96,71.9,8.3,25203,4423,0,12,0,3.8,-,**,10,12,1.2,1.4,15714,5511,0,12,0,3.8,-,**,0,12,0,3.8,-,**,181,62,21.7,7.3,24375,21835,43,27,5.2,3.2,88482,38508,374,70,44.8,7.9,32870,17829,430,89,51.6,8.4,25135,5927,36,23,4.3,2.7,25313,19107,351,83,42.1,7.9,32731,23572,265,63,31.8,7.3,25865,10704,182,41,21.8,4.8,25625,11673,509,90,509,90,35398,11492,257,75,50.5,11.1,-,**,252,70,11.1,37159,10790,251,73,49.3,13.8,41771,23690,124,59,24.4,11.8,75395,27312,178,77,35,12.3,13354,4571,113,74,22.2,13.1,-,**,80,50,15.7,8.9,43654,11411,20,23,3.9,4.4,-,**,138,49.5
1400000US16027021500,16027021500,"Census Tract 215, Canyon County, Idaho",30909,36288,39155,38295,16990,19801,16216,14724,16932.75,36161.75,45000,9967,91,41,8.3,48750,11028,222,76,22.9,7.5,-,**,164,74,16.9,7.2,35705,9581,119,72,12.3,7.5,57604,42786,59,55,6.1,5.5,76287,30613,7,12,0.7,1.2,-,**,160,61,16.5,6.2,29250,26385,266,96,27.5,9.8,27024,9911,417,112,43.1,10.5,51850,8813,125,69,12.9,6.6,64226,14874,598,122,598,122,23819,5007,301,87,50.3,13.1,25327,2834,248,83,41.5,13.1,24097,3940,53,41,8.9,6.6,-,**,297,108,49.7,13.1,20337,7932,223,100,37.3,13.5,18533,10800,74,50,12.4,8.1,51731,21348,1566,120,1566,120,36532,6775,1380,123,88.1,5.6,35000,10904,16,24,1,1.5,-,**,20,28,1.3,1.8,-,**,13,22,0.8,1.4,-,**,0,17,0,2.1,-,**,100,67,6.4,4.2,31364,20838,37,42,2.4,2.7,-,**,234,89,14.9,5.4,-,**,1253,120,80,6,34353,10234,220,94,14,5.6,30909,16990,468,111,29.9,6.4,36288,19801,589,107,37.6,6.8,39155,16216,289,45,18.5,2.9,38295,14724,968,103,968,103,45000,9967,449,84,46.4,7.6,28285,9438,519,96,7.6,57150,8678,648,120,66.9,8.8,54722,8801,197,80,20.4,7.7,40568,17324,232,85,24,8.9,21049,2086,190,78,19.6,8.2,20445,7094,88,50,9.1,5,35500,9493,62,46,6.4,4.6,29750,19541,397,53.6
1400000US16027021600,16027021600,"Census Tract 216, Canyon County, Idaho",29444,33149,39608,35729,6091,7099,7705,15123,9004.5,34482.5,44490,9484,114,54.7,7.5,50625,18017,225,81,22.3,7.6,33194,12327,84,53,8.3,5.4,67885,38817,83,52,8.2,5.2,44931,31658,35,28,3.5,2.8,35156,7745,30,29,3,2.8,-,**,281,103,27.9,9.3,23264,14414,323,92,32,8.8,36827,13597,344,90,34.1,7.6,61250,16917,60,39,6,3.8,99167,35649,616,111,616,111,24938,7921,325,89,52.8,10.9,26250,13688,262,93,42.5,14.2,21364,12498,63,72,10.2,11,38750,1148,291,85,47.2,10.9,24129,8746,266,79,43.2,10.7,23182,5705,25,24,4.1,3.6,-,**,1624,109,1624,109,34722,6012,1480,103,91.1,4.4,34917,7390,0,12,0,2,-,**,23,23,1.4,1.4,-,**,0,12,0,2,-,**,0,12,0,2,-,**,53,39,3.3,2.3,-,**,68,52,4.2,3.1,-,**,333,102,20.5,5.6,26008,10690,1248,96,76.8,5.8,43209,9556,60,43,3.7,2.6,29444,6091,519,104,32,5.8,33149,7099,500,103,30.8,5.7,39608,7705,545,65,33.6,4.3,35729,15123,1008,129,1008,129,44490,9484,400,96,39.7,7.8,32604,7002,608,106,7.8,62961,15807,667,118,66.2,7.9,50795,12239,219,69,21.7,6.5,43125,15910,258,80,25.6,7.5,31667,12238,147,78,14.6,7.4,20234,15936,83,60,8.2,5.8,62917,47093,34,43,3.4,4.2,-,**,551,60.3
1400000US16027021700,16027021700,"Census Tract 217, Canyon County, Idaho",37808,43058,45600,44909,9797,6509,10672,10556,9383.5,42843.75,42864,4868,244,38,7.9,48370,10712,643,220,22.3,6.8,42396,20937,467,193,16.2,6.6,26991,25128,402,216,13.9,7.4,32196,16188,215,141,7.5,5,-,**,63,59,2.2,2,113063,49906,616,209,21.4,7.2,25156,14757,1076,237,37.3,7.1,31905,2603,881,223,30.5,7.1,65404,10301,312,186,10.8,6.5,-,**,981,216,981,216,38483,8995,547,146,55.8,13.3,32708,19317,459,138,46.8,12.4,21694,12854,88,56,9,5.9,39342,12525,434,185,44.2,13.3,41455,8538,275,139,28,12.3,-,**,159,117,16.2,10.2,44301,19906,3866,186,3866,186,43165,3567,3331,229,86.2,5.6,43639,3198,55,70,1.4,1.8,-,**,78,71,2,1.8,-,**,0,19,0,0.8,-,**,36,58,0.9,1.5,-,**,244,178,6.3,4.5,31846,9433,122,142,3.2,3.6,51529,17342,1027,269,26.6,6.6,38460,10007,2669,247,69,6.2,46319,8043,158,112,4.1,2.9,37808,9797,1544,254,39.9,5.9,43058,6509,1336,229,34.6,6.1,45600,10672,828,163,21.4,4,44909,10556,2885,242,2885,242,42864,4868,1229,234,42.6,6.4,32632,10367,1656,199,6.4,49335,6989,1823,265,63.2,8.7,52243,11455,651,172,22.6,5.9,58839,18454,775,254,26.9,8.5,22152,16694,399,234,13.8,8,14142,8906,287,196,9.9,6.4,32708,5464,179,164,6.2,5.4,33338,2004,1095,57.4
1400000US16027021800,16027021800,"Census Tract 218, Canyon County, Idaho",57697,74250,61477,51085,28675,28082,14593,20135,22871.25,61127.25,72206,14413,176,47.5,6.8,66875,15523,359,132,19.2,7,103125,47160,204,98,10.9,5.3,60294,19134,145,63,7.8,3.5,108352,8896,179,117,9.6,6.3,96806,30651,92,70,4.9,3.7,57788,13132,313,122,16.8,6.2,23750,13773,653,177,35,8.4,67961,12600,601,133,32.2,7.1,103240,12874,299,114,16,6.1,110917,43169,595,184,595,184,26619,6697,290,123,48.7,15.5,23929,13924,250,115,42,14.4,17024,13692,40,38,6.7,6.6,58553,22025,305,140,51.3,15.5,29539,14972,229,108,38.5,15.3,25284,6414,76,95,12.8,14.6,168173,82766,2461,164,2461,164,60317,8359,2244,153,91.2,5,59556,7527,0,17,0,1.3,-,**,17,20,0.7,0.8,-,**,12,16,0.5,0.7,-,**,0,17,0,1.3,-,**,155,127,6.3,5,-,**,33,25,1.3,1,61477,24763,458,144,18.6,5.3,58983,16280,1984,148,80.6,5.3,61705,14307,35,33,1.4,1.4,57697,28675,519,126,21.1,4.7,74250,28082,997,157,40.5,5.7,61477,14593,910,159,37,6.3,51085,20135,1866,177,1866,177,72206,14413,640,137,34.3,6.5,64457,24668,1226,165,6.5,77619,17601,1595,197,85.5,6.3,80202,9688,509,133,27.3,6.4,83661,15156,161,76,8.6,4.2,39479,23703,115,66,6.2,3.6,36450,29363,110,87,5.9,4.6,128000,122863,16,19,0.9,1,-,**,887,65.7
1400000US16027021901,16027021901,"Census Tract 219.01, Canyon County, Idaho",-,46554,56133,36625,**,13870,7071,7102,9347.666667,46437.33333,52708,6906,137,38.7,8,43077,10592,213,76,17,5.6,77629,25222,333,97,26.6,7.8,52361,16998,171,79,13.7,6.5,60923,5133,21,24,1.7,1.9,-,**,28,25,2.2,2.1,51346,14551,202,90,16.2,6.4,27054,10460,388,81,31,6.4,47000,8762,575,110,46,7.2,60469,10730,85,47,6.8,3.7,78068,24157,605,135,605,135,26003,3026,291,107,48.1,13.1,21552,7240,224,86,37,11.3,21774,4754,67,62,11.1,9.9,-,**,314,102,51.9,13.1,29091,13366,220,74,36.4,11.3,35152,13187,94,64,15.5,9.6,-,**,1855,146,1855,146,43924,7022,1732,157,93.4,4.4,42917,6372,0,17,0,1.7,-,**,15,14,0.8,0.8,-,**,21,28,1.1,1.5,-,**,0,17,0,1.7,-,**,67,72,3.6,3.9,-,**,20,20,1.1,1.1,-,**,211,105,11.4,5.2,40966,40853,1606,131,86.6,5.5,45541,6019,99,71,5.3,3.8,-,**,828,127,44.6,5.5,46554,13870,561,108,30.2,5.2,56133,7071,367,75,19.8,3.9,36625,7102,1250,143,1250,143,52708,6906,791,107,63.3,6.5,53487,10740,459,105,6.5,51797,7948,920,127,73.6,7.9,59773,7038,542,92,43.4,7.8,61667,5375,262,106,21,7.5,32361,7636,206,101,16.5,7.3,27500,11287,68,42,5.4,3.3,-,**,43,30,3.4,2.5,29236,18680,484,36.7
1400000US16027021903,16027021903,"Census Tract 219.03, Canyon County, Idaho",-,83438,84063,48239,**,13415,15771,16109,15098.33333,71913.33333,84521,8779,220,39.5,6.1,68608,11853,494,149,17.4,5,70441,18316,497,145,17.6,5.1,102250,8551,426,164,15,5.8,110123,29920,197,138,7,4.9,146823,137308,98,59,3.5,2.1,91875,71599,393,81,13.9,3,49044,16053,910,210,32.1,6.2,54423,19644,1019,193,36,6.2,101076,2327,509,139,18,4.9,118264,41818,696,215,696,215,31618,12903,422,166,60.6,14.7,22188,6699,353,164,50.7,15.5,20031,7065,69,51,9.9,7.4,-,**,274,130,39.4,14.7,37016,16603,188,80,27,10.3,36452,7243,86,99,12.4,13.3,-,**,3527,189,3527,189,74554,9709,3376,218,95.7,3.4,73250,10637,0,19,0,0.9,-,**,31,28,0.9,0.8,63750,40621,92,117,2.6,3.3,-,**,0,19,0,0.9,-,**,17,27,0.5,0.8,-,**,11,18,0.3,0.5,-,**,81,54,2.3,1.5,-,**,3312,212,93.9,3.5,73643,9773,24,20,0.7,0.6,-,**,925,144,26.2,3.9,83438,13415,1816,205,51.5,5,84063,15771,762,145,21.6,3.9,48239,16109,2831,245,2831,245,84521,8779,1286,179,45.4,4.8,102115,22305,1545,186,4.8,79519,10028,2324,250,82.1,6.7,88952,10543,1052,172,37.2,5.5,110050,10752,286,135,10.1,4.6,52857,29577,120,68,4.2,2.4,47500,6908,221,157,7.8,5.4,-,**,114,88,4,3,-,**,1119,54.6
1400000US16027021904,16027021904,"Census Tract 219.04, Canyon County, Idaho",17321,33750,52500,40691,10400,9825,8340,6567,8783,36065.5,47875,8461,71,42.4,7.5,52639,8985,146,63,16,6.8,41818,28915,162,77,17.7,7.7,40568,22815,139,74,15.2,7.7,-,**,46,24,5,2.7,56667,35170,33,26,3.6,2.9,82321,33915,247,82,27.1,7.8,22614,20266,303,78,33.2,8.1,45781,10416,251,62,27.5,7.3,64844,19897,112,73,12.3,7.5,44444,43804,397,110,397,110,17366,16304,166,57,41.8,15.2,18636,15203,153,57,38.5,14.7,16964,12684,13,13,3.3,3.5,77083,58384,231,101,58.2,15.2,-,**,204,103,51.4,17.7,-,**,27,24,6.8,6.5,-,**,1310,97,1310,97,40000,5258,1127,104,86,6.5,42021,6400,0,12,0,2.4,-,**,30,26,2.3,2,51563,11489,0,12,0,2.4,-,**,0,12,0,2.4,-,**,126,84,9.6,6.2,28512,10812,27,28,2.1,2.2,-,**,419,110,32,7,25515,8723,854,75,65.2,6.6,49048,8103,46,32,3.5,2.5,17321,10400,515,106,39.3,6.5,33750,9825,446,75,34,6,52500,8340,303,54,23.1,4,40691,6567,913,106,913,106,47875,8461,444,96,48.6,7,40156,19539,469,67,7,54491,3737,690,100,75.6,8.7,53125,6276,290,72,31.8,6.9,53125,18322,178,86,19.5,8.6,28274,8246,126,81,13.8,8.2,-,**,45,29,4.9,3.2,-,**,28,24,3.1,2.6,40750,40396,387,51.4
1400000US16027022100,16027022100,"Census Tract 221, Canyon County, Idaho",58750,57148,53244,40677,38477,9313,8521,5652,15490.75,52454.75,57521,3728,127,48.7,7.3,49792,11729,174,62,13.9,4.8,71500,23240,197,64,15.7,5.3,70625,21531,120,77,9.6,5.9,55956,3553,63,42,5,3.4,53125,28239,88,56,7,4.4,75417,44931,243,69,19.4,5,37038,2608,375,99,30,6.8,53924,6017,434,108,34.7,7.7,65208,9393,199,73,15.9,5.4,80781,35077,602,139,602,139,23714,7887,277,83,46,11.3,14201,3558,260,81,43.2,10.8,13611,3446,17,17,2.8,2.9,-,**,325,110,54,11.3,48675,10396,229,85,38,10.5,37917,37776,96,60,15.9,9,49111,4675,1853,119,1853,119,49560,5028,1692,117,91.3,4.2,48697,4283,0,17,0,1.7,-,**,0,17,0,1.7,-,**,0,17,0,1.7,-,**,0,17,0,1.7,-,**,131,78,7.1,4.1,65521,49074,30,22,1.6,1.2,23056,7197,355,108,19.2,5.3,50174,4333,1472,111,79.4,5.3,49470,10021,32,27,1.7,1.4,58750,38477,513,99,27.7,4.8,57148,9313,785,106,42.4,5.6,53244,8521,523,91,28.2,4.4,40677,5652,1251,156,1251,156,57521,3728,502,106,40.1,6.4,55924,5601,749,117,6.4,58892,5136,1035,153,82.7,5.3,59854,6125,395,106,31.6,7.3,60547,8888,110,48,8.8,3.6,27031,14921,82,44,6.6,3.4,26250,11842,106,50,8.5,4.1,49444,21298,25,28,2,2.2,53304,50275,609,59.9
1400000US16027022200,16027022200,"Census Tract 222, Canyon County, Idaho",47321,39970,60781,42000,46935,6741,10522,12178,19094,47518,55370,4390,114,46,6.8,40982,7671,288,104,19.4,6.8,70185,14934,206,74,13.8,4.9,71944,26902,111,54,7.5,3.6,33388,2026,100,51,6.7,3.3,36786,5291,99,39,6.7,2.6,64095,18300,249,63,16.7,4.2,34676,5244,541,94,36.4,5.7,36382,7090,477,98,32.1,5.8,62021,13814,221,69,14.9,4.6,73973,3778,283,61,283,61,32457,3709,152,48,53.7,13.2,30603,6265,119,46,42,14.1,22321,16079,33,26,11.7,8.8,70781,11678,131,49,46.3,13.2,39464,4955,120,48,42.4,13.4,37500,5852,11,12,3.9,4.3,-,**,1771,112,1771,112,52520,10002,1455,110,82.2,4.7,53457,7494,0,17,0,1.8,-,**,10,12,0.6,0.7,-,**,0,17,0,1.8,-,**,0,17,0,1.8,-,**,257,80,14.5,4.2,46719,16871,49,38,2.8,2.1,38750,13472,504,98,28.5,4.5,52738,13725,1236,85,69.8,4.5,51250,13994,19,18,1.1,1,47321,46935,513,94,29,4.7,39970,6741,773,87,43.6,4.8,60781,10522,466,96,26.3,5,42000,12178,1488,114,1488,114,55370,4390,621,103,41.7,5.5,49375,16053,867,94,5.5,58487,6285,1102,112,74.1,7.2,56979,4477,406,85,27.3,5.6,57375,5241,211,86,14.2,5.4,31250,7019,139,80,9.3,5.1,24964,12875,175,72,11.8,4.5,61278,5796,76,41,5.1,2.7,52708,50126,684,58.3
1400000US16027022300,16027022300,"Census Tract 223, Canyon County, Idaho",-,53527,58864,37674,**,14502,14201,8546,12416.33333,50021.66667,64286,13804,136,45.1,7.5,54063,2509,316,127,19.9,7,54750,49374,179,80,11.3,5,75855,46172,203,94,12.8,5.9,75694,42583,38,29,2.4,1.8,-,**,136,76,8.6,4.8,65930,2327,210,73,13.2,4.6,36719,12523,405,99,25.5,6.1,75536,37327,724,165,45.6,7.4,58026,14516,249,85,15.7,5.1,67253,16433,569,166,569,166,25141,13439,323,135,56.8,16.9,25657,13743,309,134,54.3,16.9,25360,15663,14,14,2.5,2.4,54688,19789,246,117,43.2,16.9,20921,15263,166,88,29.2,15.2,-,**,80,98,14.1,16,"2,500-",***,2157,167,2157,167,53405,7668,2104,185,97.5,2.5,53534,6841,0,17,0,1.5,-,**,2,3,0.1,0.2,-,**,0,17,0,1.5,-,**,0,17,0,1.5,-,**,35,47,1.6,2.2,-,**,16,17,0.7,0.8,35556,14847,262,107,12.1,4.6,54919,20999,1887,147,87.5,4.6,52188,13260,2,4,0.1,0.2,-,**,530,140,24.6,6.4,53527,14502,1018,188,47.2,7.5,58864,14201,607,112,28.1,4.9,37674,8546,1588,184,1588,184,64286,13804,729,144,45.9,7.1,65344,11455,859,147,7.1,58750,18538,1339,166,84.3,6.3,66381,9779,628,140,39.5,6.9,65685,13859,145,89,9.1,5.6,65133,48273,93,79,5.9,5,65027,55719,104,96,6.5,5.8,53711,10483,8,7,0.5,0.4,33750,15885,716,54.1
1400000US16027022400,16027022400,"Census Tract 224, Canyon County, Idaho",-,52500,96023,36500,**,32820,12696,6414,17310,61674.33333,87647,11687,89,56.8,6.1,76154,19164,133,53,11.5,4.5,90114,41715,177,75,15.3,6,100057,68205,116,61,10,5.2,89643,19664,38,38,3.3,3.3,104615,86458,36,29,3.1,2.5,98333,18823,241,56,20.8,5.2,61250,28475,358,92,30.9,7.2,55833,25185,458,109,39.6,7.5,105114,10843,101,49,8.7,4.3,104531,40171,433,124,433,124,24107,7196,222,81,51.3,15.8,15926,5826,190,79,43.9,14.4,14211,11065,32,29,7.4,7.3,-,**,211,100,48.7,15.8,50031,38135,177,84,40.9,15,-,**,34,48,7.9,10.6,-,**,1591,103,1591,103,59926,7689,1552,110,97.5,3,62500,9135,0,12,0,2,-,**,0,12,0,2,-,**,0,12,0,2,-,**,0,12,0,2,-,**,39,49,2.5,3,-,**,0,12,0,2,-,**,139,48,8.7,3,38875,34496,1452,107,91.3,3,64145,12244,0,12,0,2,-,**,356,69,22.4,3.8,52500,32820,745,82,46.8,4.7,96023,12696,490,71,30.8,4,36500,6414,1158,112,1158,112,87647,11687,424,84,36.6,5.3,76364,49698,734,76,5.3,95682,16432,972,106,83.9,6.1,92222,8278,321,71,27.7,5.1,89750,11137,75,38,6.5,3.2,58854,30837,12,19,1,1.6,-,**,111,66,9.6,5.5,30568,24303,91,58,7.9,4.8,29353,12937,658,63.4
1400000US16075960100,16075960100,"Census Tract 9601, Payette County, Idaho",43224,72670,58175,43370,17284,17020,12538,13657,15124.75,54359.75,70056,7442,171,58.3,8.6,64700,11856,268,105,17,6.6,72879,17292,193,91,12.3,5.5,76696,35639,40,41,2.5,2.5,190536,145747,96,60,6.1,3.9,49773,36283,59,48,3.8,3.1,-,**,214,72,13.6,4.6,42596,5082,573,160,36.5,8.8,60547,16612,633,155,40.3,9.3,72547,3530,152,87,9.7,5.3,105333,26790,859,203,859,203,34417,8422,296,121,34.5,13.3,26500,23281,240,101,27.9,11.4,21346,19024,56,64,6.5,7.2,-,**,563,187,65.5,13.3,35102,7713,460,174,53.6,13.1,31520,6120,103,77,12,9,46769,9362,2431,165,2431,165,55188,9212,2291,180,94.2,3.6,56455,8706,0,17,0,1.3,-,**,59,66,2.4,2.7,-,**,18,28,0.7,1.2,-,**,0,17,0,1.3,-,**,15,27,0.6,1.1,-,**,48,47,2,2,38684,19079,216,102,8.9,4.3,72955,23494,2108,208,86.7,5.4,54583,10546,93,67,3.8,2.7,43224,17284,697,127,28.7,4.9,72670,17020,847,155,34.8,5.7,58175,12538,794,128,32.7,4.9,43370,13657,1572,164,1572,164,70056,7442,540,92,34.4,5.6,74583,11998,1032,156,5.6,65778,9329,1332,189,84.7,6.5,72781,4685,422,91,26.8,5.6,82297,29529,166,79,10.6,5,35962,4208,67,50,4.3,3.2,-,**,74,69,4.7,4.4,-,**,51,53,3.2,3.3,-,**,916,65.6
1400000US16075960200,16075960200,"Census Tract 9602, Payette County, Idaho",33661,57596,53013,27917,31720,18701,21207,3398,18756.5,43046.75,56415,7142,114,48.2,10.5,56786,12197,147,82,16.8,8.9,51106,6187,138,81,15.8,8.5,55521,33427,138,80,15.8,8.7,64750,15288,31,43,3.5,4.8,-,**,0,12,0,3.6,-,**,128,51,14.6,5.3,27656,9105,241,88,27.5,10.3,47279,11199,409,141,46.7,10.9,62633,10810,98,47,11.2,5.6,80476,8763,560,134,560,134,25714,8506,251,80,44.8,12.4,13180,1962,223,76,39.8,12,12566,1871,28,22,5,3.9,-,**,309,113,55.2,12.4,29858,16104,238,100,42.5,13,27929,4255,71,63,12.7,10.5,85387,28257,1436,134,1436,134,45238,9925,1300,147,90.5,6.7,42000,9874,0,12,0,2.2,-,**,22,34,1.5,2.4,-,**,0,12,0,2.2,-,**,0,12,0,2.2,-,**,114,94,7.9,6.3,62700,36153,0,12,0,2.2,-,**,281,99,19.6,6.4,64525,26585,1133,138,78.9,6.7,38348,6974,63,52,4.4,3.4,33661,31720,364,101,25.3,6.8,57596,18701,648,126,45.1,7.6,53013,21207,361,98,25.1,6.5,27917,3398,876,147,876,147,56415,7142,323,93,36.9,9.6,49489,12023,553,134,9.6,62737,6279,672,149,76.7,9.4,63258,6105,189,72,21.6,8,80188,42465,161,73,18.4,8.4,28309,19330,99,67,11.3,7.5,26023,10184,43,44,4.9,4.8,55260,41238,35,43,4,4.6,55677,23088,422,63.1
1400000US16075960300,16075960300,"Census Tract 9603, Payette County, Idaho",35190,64833,49776,39219,27396,15160,35800,9708,22016,47254.5,56848,15098,187,40.7,7.7,43529,8927,427,173,20.6,8,71736,47978,364,120,17.6,5.7,93553,22691,261,111,12.6,5.3,55489,18821,118,64,5.7,3.1,-,**,58,38,2.8,1.9,94808,64650,298,124,14.4,5.6,-,**,756,200,36.5,8.9,46314,4260,777,191,37.5,8.6,78933,19602,241,104,11.6,5.1,105993,20727,995,250,995,250,30604,8454,688,201,69.1,11.8,25655,9090,606,191,60.9,12.9,21990,10158,82,82,8.2,7.9,-,**,307,145,30.9,11.8,49083,39231,247,132,24.8,11.2,48917,45638,60,56,6,5.4,-,**,3067,252,3067,252,49829,6313,2794,262,91.1,3.5,51633,8832,0,17,0,1.1,-,**,0,17,0,1.1,-,**,48,54,1.6,1.7,-,**,0,17,0,1.1,-,**,108,74,3.5,2.4,45323,32580,117,74,3.8,2.4,78533,42123,306,101,10,3.4,45605,15663,2616,274,85.3,4.3,53737,11664,123,93,4,2.9,35190,27396,956,149,31.2,5,64833,15160,1077,180,35.1,5.6,49776,35800,911,212,29.7,5.9,39219,9708,2072,198,2072,198,56848,15098,1126,156,54.3,6.1,64833,14994,946,164,6.1,49625,15315,1772,201,85.5,6.3,69429,11007,924,168,44.6,7.6,74038,19844,226,114,10.9,5.3,35595,13979,128,86,6.2,4.1,35571,16923,74,72,3.6,3.4,-,**,74,72,3.6,3.4,-,**,844,45.7
1400000US16075960400,16075960400,"Census Tract 9604, Payette County, Idaho",-,47344,67384,33370,**,11317,15463,3785,10188.33333,49366,54676,5860,114,50,5.8,50573,5933,191,81,13.8,5.7,71250,41873,207,88,14.9,5.8,-,**,142,61,10.3,4.3,84375,31556,44,41,3.2,2.9,-,**,108,60,7.8,4.3,51713,16825,261,82,18.8,5.2,25469,24002,378,101,27.3,6.4,46250,10926,539,112,38.9,7,74293,9389,207,75,14.9,5.3,104083,22850,449,81,449,81,24727,5192,212,62,47.2,10.9,22500,10580,186,60,41.4,10.9,18000,6615,26,23,5.8,5.1,-,**,237,67,52.8,10.9,30602,6167,164,56,36.5,11.4,22500,16164,73,52,16.3,10.8,61094,57271,1834,159,1834,159,50000,4331,1766,159,96.3,2.2,49826,4348,0,17,0,1.8,-,**,9,13,0.5,0.7,-,**,10,16,0.5,0.9,-,**,0,17,0,1.8,-,**,39,33,2.1,1.8,202784,201570,10,14,0.5,0.7,-,**,181,86,9.9,4.6,51335,11561,1637,163,89.3,4.7,49099,4963,107,66,5.8,3.5,-,**,455,98,24.8,4.4,47344,11317,730,104,39.8,4.9,67384,15463,542,77,29.6,3.8,33370,3785,1385,156,1385,156,54676,5860,582,118,42,6.7,51991,10158,803,124,6.7,55694,6100,1104,150,79.7,5.9,67778,17416,457,97,33,6.1,68472,35522,225,76,16.2,5.1,33482,11063,125,66,9,4.5,-,**,56,46,4,3.3,43854,22273,0,17,0,2.3,-,**,693,58
1400000US16087970100,16087970100,"Census Tract 9701, Washington County, Idaho",38125,53750,53750,34688,23633,28707,10618,2941,16474.75,45078.25,56000,13146,49,58.6,6.2,49524,8785,87,33,17.5,6.1,63125,29051,79,32,15.9,5.6,63229,24802,24,14,4.8,2.9,65000,35093,14,11,2.8,2.2,-,**,2,3,0.4,0.5,-,**,85,26,17.1,4.8,35114,3608,186,53,37.3,7.8,42778,14882,182,36,36.5,6.9,88462,7928,45,23,9,4.5,64911,43289,239,49,239,49,24219,4258,118,32,49.4,10.1,21250,3989,104,31,43.5,10,20313,3355,14,12,5.9,5.2,28571,6756,121,36,50.6,10.1,33438,15762,97,33,40.6,9.9,23750,6951,24,14,10,5.7,40000,32902,737,82,737,82,41652,4793,728,83,98.8,1,41518,5119,0,12,0,4.3,-,**,2,3,0.3,0.3,-,**,0,12,0,4.3,-,**,0,12,0,4.3,-,**,3,6,0.4,0.7,-,**,4,5,0.5,0.7,-,**,9,9,1.2,1.2,44583,27914,722,83,98,1.4,41429,4968,11,9,1.5,1.3,38125,23633,131,30,17.8,3.7,53750,28707,284,51,38.5,4.7,53750,10618,311,44,42.2,4.4,34688,2941,498,69,498,69,56000,13146,191,43,38.4,5.7,49766,9666,307,45,5.7,62321,7193,394,53,79.1,7.3,63409,3700,114,28,22.9,5.6,67500,28282,80,43,16.1,7.6,31250,26116,57,39,11.4,7,22656,21567,24,16,4.8,3.1,-,**,20,15,4,3,-,**,292,61.6
1400000US16087970200,16087970200,"Census Tract 9702, Washington County, Idaho",-,29095,52596,27872,**,4675,5773,5865,5437.666667,36521,48495,8603,94,45.4,7.3,36435,15754,283,92,27.6,8.1,52330,5630,134,73,13.1,6.7,27955,21901,68,51,6.6,5,-,**,68,53,6.6,5.3,131026,21597,7,12,0.7,1.2,-,**,193,71,18.8,6.8,33194,14059,416,124,40.6,9.6,30795,15553,290,78,28.3,7.2,65329,13556,126,66,12.3,6.5,130943,55957,517,112,517,112,17557,4775,251,91,48.5,12.2,18920,4948,245,91,47.4,12.5,18580,4956,6,12,1.2,2.2,-,**,266,78,51.5,12.2,17089,8350,266,78,51.5,12.2,17089,8350,0,12,0,6.1,-,**,1542,100,1542,100,33462,6536,1323,103,85.8,5.2,35750,7952,0,12,0,2.1,-,**,29,33,1.9,2.1,-,**,10,16,0.6,1.1,-,**,0,12,0,2.1,-,**,107,61,6.9,3.8,-,**,73,40,4.7,2.5,36382,19205,228,66,14.8,4.1,-,**,1214,104,78.7,5,36100,7761,58,41,3.8,2.6,-,**,327,91,21.2,5.5,29095,4675,542,84,35.1,5.3,52596,5773,615,79,39.9,4.6,27872,5865,1025,130,1025,130,48495,8603,447,87,43.6,5.8,41188,18891,578,87,5.8,49423,7385,687,100,67,8.1,55104,10959,210,67,20.5,6.7,84750,47426,231,93,22.5,8.1,26412,2767,158,76,15.4,6.8,25787,10629,107,66,10.4,6,31058,30200,79,60,7.7,5.5,24688,15063,465,56.4
1400000US16087970300,16087970300,"Census Tract 9703, Washington County, Idaho",27434,44559,42083,32243,21706,14138,9932,11697,14368.25,36579.75,43567,4149,111,52.8,6.5,44458,6471,222,73,19.9,6.9,26378,6585,129,69,11.6,5.9,37216,16332,111,62,9.9,5.3,44779,24584,52,48,4.7,4.1,-,**,13,20,1.2,1.8,-,**,289,71,25.9,5.6,32917,13132,365,96,32.7,8,29107,11097,386,110,34.6,8,51927,8534,76,43,6.8,4,71250,58531,623,118,623,118,27944,6701,320,87,51.4,11.1,18226,4264,283,82,45.4,10.2,16620,3953,37,30,5.9,4.8,77841,54959,303,94,48.6,11.1,36432,8003,204,76,32.7,10.3,35875,9404,99,58,15.9,8.6,62844,50366,1739,127,1739,127,38988,7671,1582,126,91,3.9,36883,6601,0,12,0,1.8,-,**,6,11,0.3,0.6,-,**,20,17,1.2,1,-,**,0,12,0,1.8,-,**,107,68,6.2,3.8,50607,19564,24,27,1.4,1.6,-,**,250,62,14.4,3.3,-,**,1439,112,82.7,3.2,38631,7015,53,43,3,2.4,27434,21706,486,84,27.9,4.5,44559,14138,612,106,35.2,5.2,42083,9932,588,75,33.8,4,32243,11697,1116,134,1116,134,43567,4149,472,98,42.3,6.2,40625,13824,644,93,6.2,44434,8617,888,135,79.6,7.3,50135,8076,306,98,27.4,7.5,50781,6204,188,82,16.8,7,-,**,150,77,13.4,6.8,11090,2978,40,33,3.6,2.9,43636,29113,16,19,1.4,1.7,-,**,589,57.7
1400000US41045940000,41045940000,"Census Tract 9400, Malheur County, Oregon",-,-,-,-,**,**,**,**,#DIV/0!,#DIV/0!,-,**,12,-,**,-,**,0,12,-,**,-,**,0,12,-,**,-,**,0,12,-,**,-,**,0,12,-,**,-,**,0,12,-,**,-,**,0,12,-,**,-,**,0,12,-,**,-,**,0,12,-,**,-,**,0,12,-,**,-,**,0,12,0,12,-,**,0,12,-,**,-,**,0,12,-,**,-,**,0,12,-,**,-,**,0,12,-,**,-,**,0,12,-,**,-,**,0,12,-,**,-,**,0,12,0,12,-,**,0,12,-,**,-,**,0,12,-,**,-,**,0,12,-,**,-,**,0,12,-,**,-,**,0,12,-,**,-,**,0,12,-,**,-,**,0,12,-,**,-,**,0,12,-,**,-,**,0,12,-,**,-,**,0,12,-,**,-,**,0,12,-,**,-,**,0,12,-,**,-,**,0,12,-,**,-,**,0,12,0,12,-,**,0,12,-,**,-,**,0,12,**,-,**,0,12,-,**,-,**,0,12,-,**,-,**,0,12,-,**,-,**,0,12,-,**,-,**,0,12,-,**,-,**,0,12,-,**,-,**,0,-
1400000US41045970200,41045970200,"Census Tract 9702, Malheur County, Oregon",-,49464,68929,32591,**,20630,19528,5381,15179.66667,50328,53913,12829,118,50.2,7.6,53125,18654,240,105,19.3,8.4,75283,35719,155,79,12.4,5.9,36888,23868,129,82,10.4,6.4,-,**,80,45,6.4,3.7,65250,49810,17,20,1.4,1.5,-,**,160,52,12.8,4.2,43519,8151,432,128,34.7,8.7,41181,12835,529,130,42.5,9.6,76014,4586,125,50,10,3.9,88385,29525,567,117,567,117,22538,5608,332,86,58.6,12.8,21667,3596,322,84,56.8,12.6,21422,4153,10,16,1.8,2.9,-,**,235,95,41.4,12.8,27630,8370,201,95,35.4,13.5,22656,15726,34,25,6,4.6,38571,22093,1813,128,1813,128,45740,9867,1637,140,90.3,5.5,47196,8837,0,12,0,1.8,-,**,14,16,0.8,0.9,-,**,15,17,0.8,0.9,-,**,0,12,0,1.8,-,**,92,74,5.1,4.1,30321,19361,55,58,3,3.1,-,**,457,116,25.2,5.7,35665,9547,1323,120,73,5.8,49821,6813,52,56,2.9,3,-,**,443,102,24.4,5.3,49464,20630,634,116,35,5.9,68929,19528,684,96,37.7,4.9,32591,5381,1246,142,1246,142,53913,12829,531,126,42.6,7.5,40788,10263,715,102,7.5,67697,22156,812,142,65.2,9.2,75991,6173,233,94,18.7,7.1,75967,10196,235,88,18.9,7.3,31758,6696,118,64,9.5,5.2,27589,4308,199,108,16,7.8,36164,13416,180,104,14.4,7.6,36983,12962,625,57.4
1400000US41045970300,41045970300,"Census Tract 9703, Malheur County, Oregon",-,44500,39625,31579,**,17519,11845,5894,11752.66667,38568,44200,6220,106,48.8,10.4,43071,15757,166,94,18.8,9.4,46429,14193,138,68,15.6,7.2,46875,28604,98,72,11.1,7.9,15956,10601,42,38,4.8,4.3,-,**,8,14,0.9,1.6,-,**,175,61,19.8,6.8,33083,19591,300,104,34,10,36371,14380,335,117,38,10.5,46890,30775,72,53,8.2,5.9,64167,12459,803,146,803,146,24858,4649,435,96,54.2,7.9,21086,3728,400,90,49.8,7.8,20769,5595,35,28,4.4,3.3,-,**,368,96,45.8,7.9,43750,35262,254,87,31.6,8.3,32744,15910,114,55,14.2,6.7,-,**,1685,147,1685,147,36431,6185,1596,152,94.7,3.1,36413,6341,0,12,0,1.9,-,**,0,12,0,1.9,-,**,21,20,1.2,1.2,61875,8639,0,12,0,1.9,-,**,41,37,2.4,2.2,-,**,27,30,1.6,1.8,-,**,431,114,25.6,5.9,37301,13288,1215,135,72.1,5.9,34284,7941,150,81,8.9,4.7,-,**,434,115,25.8,6.2,44500,17519,499,103,29.6,5.7,39625,11845,602,87,35.7,4.6,31579,5894,882,151,882,151,44200,6220,380,134,43.1,11.5,36123,4838,502,111,11.5,60500,14199,603,107,68.4,10.7,56094,15527,228,96,25.9,9.9,45581,7406,175,99,19.8,9.3,-,**,109,85,12.4,8.9,-,**,104,61,11.8,6.7,40714,31725,43,43,4.9,4.7,31991,18787,430,56.9
1400000US41045970400,41045970400,"Census Tract 9704, Malheur County, Oregon",-,29243,37045,28438,**,13796,15770,16558,15374.66667,31575.33333,35000,15274,114,36.9,8.3,27155,11123,338,136,28.9,10.3,61310,32960,267,118,22.8,10,56164,38486,87,63,7.4,5.2,15739,14149,9,14,0.8,1.2,-,**,37,33,3.2,2.9,-,**,194,74,16.6,6,18800,7212,475,129,40.6,9.5,19769,7647,437,132,37.4,9.5,67543,10482,64,55,5.5,4.8,-,**,528,119,528,119,16173,3549,231,89,43.8,13.2,21295,9106,212,87,40.2,13.3,20446,7464,19,26,3.6,4.9,-,**,297,95,56.3,13.2,11875,5069,244,98,46.2,14.5,11765,4642,53,46,10,9,-,**,1698,144,1698,144,31900,7658,1515,153,89.2,4.9,34119,9628,25,42,1.5,2.4,-,**,17,22,1,1.3,-,**,13,16,0.8,1,-,**,0,12,0,1.9,-,**,69,52,4.1,3,-,**,59,42,3.5,2.4,-,**,702,123,41.3,5.9,34750,18867,918,115,54.1,5.5,30268,10774,210,83,12.4,4.6,-,**,563,112,33.2,6.1,29243,13796,634,122,37.3,6.3,37045,15770,291,70,17.1,4.1,28438,16558,1170,152,1170,152,35000,15274,589,135,50.3,9.2,19895,6169,581,128,9.2,48274,13945,559,135,47.8,10.1,63355,9129,266,105,22.7,8.6,61042,14964,495,139,42.3,10,21250,7053,253,107,21.6,8.2,18358,2599,116,80,9.9,6.7,17016,3751,70,64,6,5.5,15200,9331,432,49.7
1400000US41045970500,41045970500,"Census Tract 9705, Malheur County, Oregon",-,45074,50000,40735,**,11015,19111,13776,14634,45269.66667,58358,8578,106,47.7,6.4,43750,19696,207,73,16.5,5.7,71528,32907,98,56,7.8,4.5,73958,8063,256,73,20.4,5.6,63125,13879,84,42,6.7,3.4,38500,32545,12,14,1,1.1,31500,21497,196,66,15.6,5.1,31458,23574,337,101,26.8,7.2,37438,7071,607,94,48.3,6.9,70673,7179,117,54,9.3,4.3,77250,27490,437,103,437,103,20625,11303,171,56,39.1,11.7,15197,5956,153,53,35,10.9,14013,10272,18,22,4.1,5.1,-,**,266,89,60.9,11.7,27206,11413,243,82,55.6,10.5,26544,12415,23,19,5.3,4.1,-,**,1694,135,1694,135,44857,6548,1598,130,94.3,2.3,44643,8109,4,8,0.2,0.5,-,**,3,5,0.2,0.3,-,**,22,19,1.3,1.1,-,**,0,12,0,1.9,-,**,51,27,3,1.6,47159,26544,16,15,0.9,0.9,-,**,839,110,49.5,4.3,43250,7019,825,85,48.7,4.6,52782,15647,103,58,6.1,3.3,-,**,491,88,29,5.2,45074,11015,650,102,38.4,5.2,50000,19111,450,78,26.6,4,40735,13776,1257,111,1257,111,58358,8578,581,94,46.2,6.6,54279,14176,676,106,6.6,62500,11413,943,111,75,6.8,66147,5555,406,90,32.3,7,71218,11429,213,71,16.9,5.4,33934,6244,119,61,9.5,4.8,-,**,101,63,8,4.8,-,**,56,43,4.5,3.4,15893,3813,600,53.8
1400000US41045970600,41045970600,"Census Tract 9706, Malheur County, Oregon",-,40313,51364,36991,**,19612,17782,10627,16007,42889.33333,55417,9163,77,50.7,7.2,55893,11592,188,59,17.9,5.5,66250,22678,153,69,14.6,6.3,-,**,70,41,6.7,3.7,62885,18414,54,49,5.2,4.6,-,**,52,33,5,3.1,-,**,119,48,11.4,4.4,30450,2343,457,83,43.6,6.4,40972,13446,369,68,35.2,6.6,74306,19411,103,43,9.8,3.9,126125,16376,470,101,470,101,23750,16593,293,84,62.3,12,27560,24464,263,79,56,12.7,28403,20943,30,30,6.4,6.1,-,**,177,68,37.7,12,21625,20902,114,53,24.3,9.8,-,**,63,37,13.4,7.6,36094,18870,1518,113,1518,113,45600,10153,1441,120,94.9,3.6,47050,8842,0,12,0,2.1,-,**,5,8,0.3,0.5,-,**,56,52,3.7,3.4,36417,4636,0,12,0,2.1,-,**,11,13,0.7,0.8,-,**,5,6,0.3,0.4,-,**,188,66,12.4,4.2,-,**,1268,117,83.5,5,47721,7467,52,43,3.4,2.8,-,**,445,91,29.3,4.9,40313,19612,532,88,35,5.5,51364,17782,489,82,32.2,4.9,36991,10627,1048,81,1048,81,55417,9163,439,97,41.9,7.6,50707,13398,609,79,7.6,58631,10124,757,84,72.2,5.9,63934,9680,295,83,28.1,6.9,72569,25420,176,47,16.8,4.3,25625,8746,108,40,10.3,3.6,18750,13843,115,49,11,4.6,56250,30692,36,27,3.4,2.5,45000,38462,531,58.1
1400000US41045970700,41045970700,"Census Tract 9707, Malheur County, Oregon",22083,41346,56250,37750,16201,14828,7514,9875,12104.5,39357.25,56542,6422,42,44.7,9.3,55100,9799,63,25,14.1,5.3,56875,29790,60,26,13.4,5.8,70556,12515,101,50,22.6,9.8,41181,32891,18,14,4,3.2,-,**,5,6,1.1,1.4,-,**,61,21,13.6,4.9,28750,13337,145,50,32.4,9.2,34375,12248,188,48,42.1,9.6,68750,5705,53,19,11.9,4.4,80694,10982,213,61,213,61,26875,10441,79,39,37.1,13.4,37708,35695,79,39,37.1,13.4,37708,35695,0,12,0,14.1,-,**,134,44,62.9,13.4,26429,9046,129,44,60.6,13.5,25982,8876,5,6,2.3,3,-,**,660,79,660,79,44274,8721,623,77,94.4,3.4,44375,10027,0,12,0,4.8,-,**,0,12,0,4.8,-,**,17,13,2.6,2,57250,13968,6,8,0.9,1.2,-,**,8,11,1.2,1.7,-,**,6,9,0.9,1.4,-,**,94,46,14.2,6.3,41923,7711,543,64,82.3,6.8,45625,12381,17,13,2.6,1.9,22083,16201,180,53,27.3,6.5,41346,14828,252,43,38.2,6.1,56250,7514,211,40,32,5.2,37750,9875,447,62,447,62,56542,6422,180,56,40.3,9.8,51667,20648,267,48,9.8,56806,8422,383,59,85.7,7.9,63264,9673,154,46,34.5,9,63214,17984,52,36,11.6,7.7,-,**,25,34,5.6,7.4,-,**,12,9,2.7,2.1,-,**,1,2,0.2,0.6,-,**,200,59.7
1400000US41045970900,41045970900,"Census Tract 9709, Malheur County, Oregon",40536,40938,67500,32917,23224,24789,21532,11052,20149.25,45472.75,62222,7422,68,57.2,6,51750,5908,77,26,10.5,3.5,-,**,121,48,16.5,5.6,64050,20751,46,24,6.3,3.1,79643,24754,61,22,8.3,3,83068,10383,8,7,1.1,0.9,-,**,132,39,18,5.3,27143,4176,235,64,32.1,6.8,49792,13134,292,60,39.9,6.4,72917,13876,73,32,10,4.2,94625,6831,338,74,338,74,21328,4536,100,30,29.6,8.2,20833,5209,91,29,26.9,7.6,20234,8418,9,7,2.7,2.1,-,**,238,65,70.4,8.2,21964,12289,187,65,55.3,11.2,18661,8716,51,25,15.1,7.4,48438,29289,1070,113,1070,113,49847,4370,996,108,93.1,2.8,49745,4259,10,16,0.9,1.4,-,**,0,17,0,3,-,**,25,19,2.3,1.8,-,**,0,17,0,3,-,**,30,20,2.8,1.8,-,**,9,7,0.8,0.7,-,**,80,30,7.5,2.7,43929,11373,946,107,88.4,3.4,49944,4500,29,16,2.7,1.4,40536,23224,282,73,26.4,5.7,40938,24789,450,81,42.1,6,67500,21532,309,57,28.9,5.2,32917,11052,732,94,732,94,62222,7422,252,58,34.4,6.1,63462,6080,480,72,6.1,57381,14277,620,88,84.7,4.1,66250,10208,191,52,26.1,5.8,78625,17504,76,33,10.4,4.5,36250,16254,36,22,4.9,2.9,25833,10531,36,21,4.9,2.7,27500,2871,25,19,3.4,2.5,26094,4125,419,65.6
